F72,F25,F65,F68,F101,F104,F105,F94,F22,F116,F117,F120,F110,F123,F115,F77,F41,F126,category
11856,3027,27,7,0.156891495601173,0.4133663366336633,0.6666666666666666,3,2,1.0,0.3,0.1904223238548872,-0.4,0.1904223238548872,1.0,7377,0,19,close
11856,3027,27,7,0.3328445747800586,0.4133663366336633,0.3571428571428571,3,2,1.0,0.1052631578947368,0.1904223238548872,-0.7894736842105263,0.1904223238548872,1.0,7377,0,19,close
11856,3027,27,7,0.3284457478005865,0.4133663366336633,0.1428571428571428,3,2,1.0,0.1052631578947368,0.1904223238548872,-0.7894736842105263,0.1904223238548872,1.0,7377,0,19,close
8614,1875,8,1,0.9666666666666668,0.3009708737864077,1.0,1,3,1.0,0.4,0.393477898753242,-0.2,0.393477898753242,1.0,4135,0,106,close
13761,3976,22,13,0.3416095890410959,0.133051742344245,1.0,6,2,1.0,0.8571428571428571,0.0718939203208037,0.7142857142857143,0.0718939203208037,0.5,2485,0,1413,close
13761,3976,22,13,0.9066780821917808,0.133051742344245,0.4137931034482758,6,2,-1.0,0.3,0.1904223238548872,-0.4,0.1904223238548872,0.5,7145,0,1413,open
13761,3976,22,13,0.2611301369863014,0.133051742344245,1.0,6,3,0.0,0.7096774193548387,0.1492753217010929,0.4193548387096774,0.1492753217010929,0.5,9282,0,1413,open
13761,3976,22,13,0.8621575342465754,0.133051742344245,1.0,6,3,0.0,0.7096774193548387,0.1492753217010929,0.4193548387096774,0.1492753217010929,0.5,9282,0,1413,open
7835,1415,7,13,0.8054187192118226,0.5,0.9393939393939394,6,2,1.0,0.8571428571428571,0.0718939203208037,0.7142857142857143,0.0718939203208037,1.0,6979,0,385,close
7835,1415,7,13,0.3990147783251231,0.5,0.2608695652173913,6,2,1.0,0.3,0.1904223238548872,-0.4,0.1904223238548872,1.0,6979,0,385,close
8608,1874,1,24,0.5087719298245614,0.4857142857142857,1.0,21,3,0.0,0.8813559322033898,0.393477898753242,0.7627118644067796,0.393477898753242,1.0,4129,7,41,open
12838,3496,6,24,0.8909774436090225,0.4545454545454545,0.6666666666666666,21,3,-0.5,0.45,0.0718939203208037,-0.1,0.0718939203208037,-1.0,7377,7,119,open
11455,2878,14,24,0.1981132075471698,0.2550335570469799,1.0,21,3,0.0,0.8813559322033898,0.393477898753242,0.7627118644067796,0.393477898753242,-0.3333333333333333,3317,7,50,open
10273,2574,2,24,0.4520547945205479,1.096774193548387,1.0,21,3,0.0,0.8813559322033898,0.393477898753242,0.7627118644067796,0.393477898753242,1.0,9282,7,135,open
10273,2574,19,24,0.3936170212765957,0.63,0.6867469879518072,21,1,1.0,0.6274509803921569,0.00015602351961370065,0.2745098039215686,0.00015602351961370065,1.0,7697,7,590,close
10273,2574,19,24,0.5319148936170213,0.63,0.3,21,1,1.0,0.6274509803921569,0.00015602351961370065,0.2745098039215686,0.00015602351961370065,1.0,7697,7,590,close
10273,2574,19,24,0.5651595744680851,0.63,0.8333333333333334,21,3,0.5,0.45,0.0718939203208037,-0.1,0.0718939203208037,1.0,7697,7,590,close
10273,2574,19,24,0.3989361702127659,0.63,1.0,21,3,1.0,0.4,0.393477898753242,-0.2,0.393477898753242,1.0,3991,7,590,close
10273,2574,19,24,0.1303191489361702,0.63,1.0,21,3,0.0,0.8813559322033898,0.393477898753242,0.7627118644067796,0.393477898753242,1.0,7697,7,590,open
7725,1335,1,24,0.55,0.4722222222222222,1.0,21,3,0.0,0.8813559322033898,0.393477898753242,0.7627118644067796,0.393477898753242,1.0,3246,7,6,open
10273,2574,4,24,0.3660714285714285,0.5166666666666667,1.0,21,3,0.0,0.8813559322033898,0.393477898753242,0.7627118644067796,0.393477898753242,1.0,8015,7,12,open
10273,2574,40,24,0.0877513711151736,0.2195767195767195,1.0,21,3,0.0,0.8813559322033898,0.393477898753242,0.7627118644067796,0.393477898753242,1.0,9282,7,462,open
7336,1101,25,24,0.3051948051948052,0.1826923076923076,1.0,21,3,0.0,0.8813559322033898,0.393477898753242,0.7627118644067796,0.393477898753242,1.0,2857,7,92,open
13509,3741,19,24,0.1452282157676348,0.3537414965986394,1.0,21,3,0.0,0.8813559322033898,0.393477898753242,0.7627118644067796,0.393477898753242,1.0,9151,7,277,open
13326,3678,3,24,0.4111111111111111,0.58,1.0,21,3,0.0,0.8813559322033898,0.393477898753242,0.7627118644067796,0.393477898753242,1.0,8847,7,130,open
11821,3004,5,24,0.205607476635514,0.4871794871794871,1.0,21,3,0.0,0.8813559322033898,0.393477898753242,0.7627118644067796,0.393477898753242,1.0,7342,7,136,open
11856,3027,21,24,0.7481481481481481,0.6,0.8333333333333334,21,3,-0.5,0.45,0.0718939203208037,-0.1,0.0718939203208037,0.0,7377,7,261,open
11856,3027,21,24,0.1629629629629629,0.6,1.0,21,3,0.0,0.8813559322033898,0.393477898753242,0.7627118644067796,0.393477898753242,0.0,7377,7,261,open
13761,3976,11,21,0.503448275862069,0.3984674329501915,0.0612244897959183,12,3,-1.0,0.2840909090909091,0.393477898753242,-0.3977272727272727,0.393477898753242,-1.0,9068,2,664,open
12176,3370,14,21,0.4729729729729729,0.2962962962962963,0.1153846153846153,12,3,-1.0,0.2840909090909091,0.393477898753242,-0.3977272727272727,0.393477898753242,-1.0,7697,2,25,open
12176,3370,14,21,0.372972972972973,0.2962962962962963,0.0894097222222222,12,3,-1.0,0.2840909090909091,0.393477898753242,-0.3977272727272727,0.393477898753242,-1.0,7697,2,25,open
12494,3433,7,21,0.6302521008403361,0.5409836065573771,0.6,12,3,-1.0,0.2840909090909091,0.393477898753242,-0.3977272727272727,0.393477898753242,-1.0,3991,2,62,open
12494,3433,7,21,0.8991596638655462,0.5409836065573771,0.875,12,3,-1.0,0.2840909090909091,0.393477898753242,-0.3977272727272727,0.393477898753242,-1.0,3991,2,62,open
7336,1101,10,21,0.8,0.1141304347826086,0.1428571428571428,12,3,-1.0,0.2840909090909091,0.393477898753242,-0.3977272727272727,0.393477898753242,-1.0,2857,2,50,open
7336,1101,10,21,0.904,0.1141304347826086,0.2,12,3,-1.0,0.2840909090909091,0.393477898753242,-0.3977272727272727,0.393477898753242,-1.0,2857,2,50,open
13679,3863,13,21,0.4785714285714286,0.25,0.1363636363636363,12,3,-1.0,0.2840909090909091,0.393477898753242,-0.3977272727272727,0.393477898753242,-1.0,8783,2,382,open
13679,3863,13,21,0.3214285714285714,0.25,0.1363636363636363,12,3,-1.0,0.2840909090909091,0.393477898753242,-0.3977272727272727,0.393477898753242,-1.0,8783,2,382,open
11821,3004,7,21,0.7448275862068966,0.859375,0.6,12,3,-1.0,0.2840909090909091,0.393477898753242,-0.3977272727272727,0.393477898753242,-1.0,3991,2,161,open
11821,3004,7,21,0.593103448275862,0.859375,0.8,12,3,-1.0,0.2840909090909091,0.393477898753242,-0.3977272727272727,0.393477898753242,-1.0,7342,2,161,open
11856,3027,8,21,0.5263157894736842,0.4155844155844156,0.375,12,3,-1.0,0.2840909090909091,0.393477898753242,-0.3977272727272727,0.393477898753242,-1.0,3991,2,42,open
13761,3976,14,12,0.2549019607843137,1.608695652173913,1.0,7,3,0.0,0.8813559322033898,0.393477898753242,0.7627118644067796,0.393477898753242,1.0,9282,0,231,open
13761,3976,17,12,0.1698841698841698,1.079646017699115,1.0,7,3,0.0,0.8813559322033898,0.393477898753242,0.7627118644067796,0.393477898753242,1.0,9282,0,295,open
11952,3186,18,12,0.5294117647058824,0.4407894736842105,0.1244131455399061,7,2,1.0,1.0,0.0,1.0,0.0,1.0,5795,0,128,open
11540,2910,4,12,0.5689655172413793,0.92,1.0,7,3,0.0,0.8813559322033898,0.393477898753242,0.7627118644067796,0.393477898753242,-1.0,9282,0,48,open
13654,3836,6,12,3.2025316455696204,1.76,0.6666666666666666,7,3,-0.5,0.45,0.0718939203208037,-0.1,0.0718939203208037,-1.0,8800,0,140,open
13654,3836,6,12,3.037974683544304,1.76,0.8333333333333334,7,3,-0.5,0.45,0.0718939203208037,-0.1,0.0718939203208037,-1.0,9282,0,140,open
13654,3836,6,12,0.430379746835443,1.76,1.0,7,3,0.0,0.8813559322033898,0.393477898753242,0.7627118644067796,0.393477898753242,-1.0,9282,0,140,open
12475,3429,27,27,0.1180811808118081,0.3841463414634146,1.0,17,3,0.0,0.8813559322033898,0.393477898753242,0.7627118644067796,0.393477898753242,1.0,7996,12,61,open
8467,1820,31,27,0.1238738738738738,0.7112068965517241,1.0,17,3,0.0,0.8813559322033898,0.393477898753242,0.7627118644067796,0.393477898753242,1.0,9282,12,448,open
13204,3586,13,27,0.277511961722488,0.8645833333333334,1.0,17,3,0.0,0.8813559322033898,0.393477898753242,0.7627118644067796,0.393477898753242,1.0,7686,12,70,open
7861,1416,13,27,0.2183908045977011,0.5151515151515151,1.0,17,3,0.0,0.8813559322033898,0.393477898753242,0.7627118644067796,0.393477898753242,-1.0,9282,12,540,open
8720,1908,18,27,0.28125,0.5619047619047619,1.0,17,3,0.0,0.8813559322033898,0.393477898753242,0.7627118644067796,0.393477898753242,0.0,9282,12,625,open
12420,3425,3,27,0.6271186440677966,1.125,1.0,17,3,0.0,0.8813559322033898,0.393477898753242,0.7627118644067796,0.393477898753242,-1.0,9282,12,225,open
13761,3976,3,27,0.5094339622641509,1.0454545454545454,1.0,17,3,0.0,0.8813559322033898,0.393477898753242,0.7627118644067796,0.393477898753242,1.0,9282,12,58,open
12469,3429,4,27,0.4204545454545454,0.8333333333333334,1.0,17,3,0.0,0.8813559322033898,0.393477898753242,0.7627118644067796,0.393477898753242,1.0,7990,12,219,open
5388,314,14,27,0.2462686567164179,0.3493975903614458,1.0,17,3,0.0,0.8813559322033898,0.393477898753242,0.7627118644067796,0.393477898753242,1.0,7619,12,207,open
11856,3027,7,27,0.4365079365079365,0.8387096774193549,1.0,17,3,0.0,0.8813559322033898,0.393477898753242,0.7627118644067796,0.393477898753242,1.0,7377,12,180,open
7041,927,0,27,0.8518518518518519,3.4,1.0,17,3,0.0,0.8813559322033898,0.393477898753242,0.7627118644067796,0.393477898753242,-1.0,9565,12,17,open
13405,3713,24,27,0.1731448763250883,0.256544502617801,1.0,17,3,0.0,0.8813559322033898,0.393477898753242,0.7627118644067796,0.393477898753242,1.0,8926,12,643,open
7860,1416,15,27,0.1563517915309446,0.4945054945054945,1.0,17,3,0.0,0.8813559322033898,0.393477898753242,0.7627118644067796,0.393477898753242,1.0,8119,12,235,open
11965,3190,7,27,0.2651515151515151,0.7611940298507462,1.0,17,3,0.0,0.8813559322033898,0.393477898753242,0.7627118644067796,0.393477898753242,1.0,7486,12,70,open
12475,3429,9,26,0.4822134387351778,0.7933884297520661,0.125,17,3,-1.0,0.2840909090909091,0.393477898753242,-0.3977272727272727,0.393477898753242,-1.0,3989,30,239,open
11427,2867,8,26,0.5130434782608696,0.4925373134328358,0.6,17,3,-1.0,0.2840909090909091,0.393477898753242,-0.3977272727272727,0.393477898753242,-1.0,3989,30,84,open
11427,2867,8,26,0.6869565217391305,0.4925373134328358,0.6,17,3,-1.0,0.2840909090909091,0.393477898753242,-0.3977272727272727,0.393477898753242,-1.0,6948,30,84,open
13761,3976,7,26,0.4347826086956521,0.4716981132075472,0.3333333333333333,17,3,1.0,0.2840909090909091,0.393477898753242,-0.3977272727272727,0.393477898753242,1.0,3989,30,89,close
13761,3976,7,26,0.6956521739130435,0.4716981132075472,0.3055555555555556,17,3,1.0,0.2840909090909091,0.393477898753242,-0.3977272727272727,0.393477898753242,1.0,3989,30,89,close
13510,3741,13,26,0.3345588235294117,0.1666666666666666,0.25,17,3,-1.0,0.2840909090909091,0.393477898753242,-0.3977272727272727,0.393477898753242,-1.0,7109,30,46,open
13510,3741,13,26,0.5110294117647058,0.1666666666666666,0.7,17,3,-1.0,0.2840909090909091,0.393477898753242,-0.3977272727272727,0.393477898753242,-1.0,8754,30,46,open
13761,3976,7,26,0.782608695652174,0.4629629629629629,0.3333333333333333,17,3,-1.0,0.2840909090909091,0.393477898753242,-0.3977272727272727,0.393477898753242,-1.0,3989,30,91,open
13761,3976,7,26,0.5978260869565217,0.4629629629629629,0.3055555555555556,17,3,-1.0,0.2840909090909091,0.393477898753242,-0.3977272727272727,0.393477898753242,-1.0,3989,30,91,open
10273,2574,8,26,0.7272727272727273,0.4310344827586206,0.75,17,3,-1.0,0.2840909090909091,0.393477898753242,-0.3977272727272727,0.393477898753242,-1.0,7377,30,80,open
10273,2574,8,26,0.5757575757575758,0.4310344827586206,0.75,17,3,-1.0,0.2840909090909091,0.393477898753242,-0.3977272727272727,0.393477898753242,-1.0,3989,30,80,open
13761,3976,9,26,0.8048780487804879,0.5470085470085471,0.6428571428571429,17,3,-1.0,0.2857142857142857,0.393477898753242,-0.4285714285714285,0.393477898753242,-1.0,3988,30,165,open
13405,3713,7,26,0.6580459770114943,0.2627118644067797,0.1458333333333333,17,3,-1.0,0.2840909090909091,0.393477898753242,-0.3977272727272727,0.393477898753242,-1.0,3989,30,217,open
13405,3713,7,26,0.4885057471264368,0.2627118644067797,0.0746031746031746,17,3,-1.0,0.2840909090909091,0.393477898753242,-0.3977272727272727,0.393477898753242,-1.0,3989,30,217,open
12598,3453,6,26,0.6573033707865169,0.6170212765957447,0.35,17,3,1.0,0.2840909090909091,0.393477898753242,-0.3977272727272727,0.393477898753242,1.0,3988,30,107,close
12598,3453,6,26,0.7471910112359551,0.6170212765957447,0.25,17,3,1.0,0.2840909090909091,0.393477898753242,-0.3977272727272727,0.393477898753242,1.0,3988,30,107,close
13761,3976,9,26,0.5,0.6987951807228916,0.75,17,3,-1.0,0.2840909090909091,0.393477898753242,-0.3977272727272727,0.393477898753242,-1.0,98,30,210,open
13761,3976,10,19,0.5153061224489796,0.2642857142857143,1.0,12,3,-1.0,0.4,0.393477898753242,-0.2,0.393477898753242,-1.0,3988,0,188,open
13761,3976,4,19,0.6818181818181818,1.1764705882352942,1.0,12,3,0.0,0.8813559322033898,0.393477898753242,0.7627118644067796,0.393477898753242,-1.0,9282,0,51,open
13761,3976,10,19,0.1853448275862069,0.2699386503067484,1.0,12,3,0.0,0.2840909090909091,0.393477898753242,-0.3977272727272727,0.393477898753242,0.0,9282,0,156,open
13761,3976,28,19,0.8313458262350937,0.2267303102625298,0.8620689655172413,12,3,-1.0,0.1666666666666666,0.393477898753242,-0.6666666666666666,0.393477898753242,0.6666666666666666,8880,0,855,open
13761,3976,28,19,0.768313458262351,0.2267303102625298,0.9831932773109244,12,2,1.0,0.8571428571428571,0.0718939203208037,0.7142857142857143,0.0718939203208037,0.6666666666666666,7690,0,855,close
13761,3976,28,19,0.272572402044293,0.2267303102625298,0.75,12,1,1.0,0.5333333333333333,0.393477898753242,0.2666666666666666,0.393477898753242,0.6666666666666666,3988,0,855,close
13761,3976,28,19,0.959114139693356,0.2267303102625298,0.9831932773109244,12,2,1.0,0.8571428571428571,0.0718939203208037,0.7142857142857143,0.0718939203208037,0.6666666666666666,7690,0,855,close
13761,3976,28,19,0.4855195911413969,0.2267303102625298,1.0,12,2,1.0,0.8571428571428571,0.0718939203208037,0.7142857142857143,0.0718939203208037,0.6666666666666666,8502,0,855,close
13761,3976,28,19,0.4701873935264054,0.2267303102625298,1.0,12,3,1.0,1.0,0.393477898753242,1.0,0.393477898753242,0.6666666666666666,994,0,855,close
10182,2366,15,12,0.3881856540084388,0.2222222222222222,1.0,1,3,-1.0,0.4,0.393477898753242,-0.2,0.393477898753242,-1.0,3988,0,692,open
4850,215,1,15,0.5918367346938775,0.6296296296296297,1.0,8,3,0.0,0.8813559322033898,0.393477898753242,0.7627118644067796,0.393477898753242,1.0,4129,0,28,open
10828,2665,2,15,0.463768115942029,0.4634146341463415,1.0,8,3,0.0,0.8813559322033898,0.393477898753242,0.7627118644067796,0.393477898753242,1.0,6349,0,80,open
9281,2091,11,15,0.6923076923076923,0.1785714285714285,1.0,8,3,0.0,0.7096774193548387,0.1492753217010929,0.4193548387096774,0.1492753217010929,1.0,3989,0,24,close
4785,199,20,15,0.1296928327645051,0.3189189189189189,1.0,8,3,0.0,0.8813559322033898,0.393477898753242,0.7627118644067796,0.393477898753242,1.0,306,0,16,open
7734,1346,1,15,0.6530612244897959,0.68,1.0,8,3,0.0,0.8813559322033898,0.393477898753242,0.7627118644067796,0.393477898753242,1.0,3255,0,35,open
9736,2248,29,15,0.0985010706638115,0.2076023391812865,1.0,8,3,0.0,0.8813559322033898,0.393477898753242,0.7627118644067796,0.393477898753242,0.0,9090,0,529,open
10183,2366,30,15,0.2083333333333333,0.3785046728971962,1.0,8,3,0.0,0.8813559322033898,0.393477898753242,0.7627118644067796,0.393477898753242,1.0,6767,0,254,open
11246,2810,11,3,0.4310344827586206,0.2195121951219512,0.3,1,3,-1.0,0.2840909090909091,0.393477898753242,-0.3977272727272727,0.393477898753242,-1.0,3989,0,84,open
6169,568,5,49,0.6964285714285714,0.5813953488372093,0.2307692307692307,35,3,-1.0,0.1694915254237288,0.393477898753242,-0.6271186440677966,0.393477898753242,-1.0,1690,116,55,open
12591,3453,6,49,0.4838709677419355,0.3555555555555555,0.1842105263157894,35,3,-1.0,0.1694915254237288,0.393477898753242,-0.6271186440677966,0.393477898753242,-1.0,3986,116,157,open
13384,3708,5,49,0.4810126582278481,0.8857142857142857,0.1153846153846153,35,3,-1.0,0.1694915254237288,0.393477898753242,-0.6271186440677966,0.393477898753242,-1.0,3986,116,200,open
7485,1223,5,49,0.6373626373626373,0.5,0.1333333333333333,35,3,-1.0,0.1694915254237288,0.393477898753242,-0.6271186440677966,0.393477898753242,-1.0,1891,116,5,open
8455,1807,5,49,0.7526881720430108,1.0526315789473684,0.5,35,3,-1.0,0.1694915254237288,0.393477898753242,-0.6271186440677966,0.393477898753242,-1.0,3976,116,68,open
4881,221,5,49,0.6194690265486725,0.4444444444444444,0.1052631578947368,35,3,1.0,0.1694915254237288,0.393477898753242,-0.6271186440677966,0.393477898753242,1.0,400,116,82,close
9344,2104,5,49,0.7241379310344828,0.775,0.4,35,3,-1.0,0.1694915254237288,0.393477898753242,-0.6271186440677966,0.393477898753242,-1.0,3986,116,62,open
8465,1820,5,49,0.6938775510204082,0.62,0.1818181818181818,35,3,-1.0,0.1694915254237288,0.393477898753242,-0.6271186440677966,0.393477898753242,-1.0,3986,116,44,open
12557,3446,9,49,0.40625,0.5925925925925926,0.1481481481481481,35,1,1.0,0.6274509803921569,0.00015602351961370065,0.2745098039215686,0.00015602351961370065,1.0,3986,116,169,close
9736,2248,5,49,0.6037735849056604,0.6111111111111112,0.2105263157894736,35,3,1.0,0.1694915254237288,0.393477898753242,-0.6271186440677966,0.393477898753242,1.0,3986,116,220,close
7064,933,6,49,0.4297520661157025,0.380281690140845,1.0,35,3,0.0,0.7096774193548387,0.1492753217010929,0.4193548387096774,0.1492753217010929,-1.0,3383,116,162,open
9736,2248,5,49,0.544,0.3888888888888889,0.1290322580645161,35,3,-1.0,0.1694915254237288,0.393477898753242,-0.6271186440677966,0.393477898753242,-1.0,8749,116,94,open
6590,627,4,49,0.5323741007194245,0.3076923076923077,0.088235294117647,35,3,-1.0,0.1694915254237288,0.393477898753242,-0.6271186440677966,0.393477898753242,-1.0,2111,116,96,open
10346,2592,4,49,0.4962406015037593,0.3068181818181818,0.0857142857142857,35,3,1.0,0.1694915254237288,0.393477898753242,-0.6271186440677966,0.393477898753242,1.0,5867,116,116,close
4871,218,5,49,0.6440677966101694,0.6440677966101694,0.1052631578947368,35,3,-1.0,0.1694915254237288,0.393477898753242,-0.6271186440677966,0.393477898753242,-1.0,8106,116,109,open
7843,1415,5,49,0.6037735849056604,0.5925925925925926,0.2105263157894736,35,3,-1.0,0.1694915254237288,0.393477898753242,-0.6271186440677966,0.393477898753242,-1.0,3986,116,83,open
9736,2248,5,49,0.6481481481481481,0.6428571428571429,0.1111111111111111,35,3,-1.0,0.1694915254237288,0.393477898753242,-0.6271186440677966,0.393477898753242,-1.0,8749,116,112,open
8353,1726,5,49,0.6981132075471698,0.9333333333333332,0.2222222222222222,35,3,-1.0,0.1694915254237288,0.393477898753242,-0.6271186440677966,0.393477898753242,-1.0,8687,116,198,open
12166,3328,5,49,0.5779816513761468,0.5087719298245614,0.2142857142857142,35,3,-1.0,0.1694915254237288,0.393477898753242,-0.6271186440677966,0.393477898753242,-1.0,3986,116,170,open
12166,3328,5,49,0.5688073394495413,0.5087719298245614,0.1428571428571428,35,3,-1.0,0.1694915254237288,0.393477898753242,-0.6271186440677966,0.393477898753242,-1.0,3986,116,170,open
6607,631,5,49,0.5725190839694656,0.3717948717948718,0.0625,35,3,-1.0,0.1694915254237288,0.393477898753242,-0.6271186440677966,0.393477898753242,-1.0,2063,116,4,open
7216,1012,4,49,0.6685393258426966,0.5714285714285714,0.234375,35,3,-1.0,0.1694915254237288,0.393477898753242,-0.6271186440677966,0.393477898753242,-1.0,2737,116,2,open
8901,2005,5,49,0.6571428571428571,0.6862745098039216,0.1333333333333333,35,3,-1.0,0.1694915254237288,0.393477898753242,-0.6271186440677966,0.393477898753242,-1.0,7296,116,131,open
8423,1745,5,49,0.6615384615384615,0.676923076923077,0.1304347826086956,35,3,-1.0,0.1694915254237288,0.393477898753242,-0.6271186440677966,0.393477898753242,-1.0,3986,116,145,open
8720,1908,11,49,0.5929203539823009,0.4154589371980676,0.8947368421052632,35,1,0.0,0.6274509803921569,0.00015602351961370065,0.2745098039215686,0.00015602351961370065,-0.3333333333333333,2021,116,114,close
8720,1908,11,49,0.6312684365781711,0.4154589371980676,0.0727272727272727,35,3,-1.0,0.1694915254237288,0.393477898753242,-0.6271186440677966,0.393477898753242,-0.3333333333333333,3986,116,114,open
8720,1908,11,49,0.4129793510324483,0.4154589371980676,0.0526315789473684,35,3,0.0,0.1694915254237288,0.393477898753242,-0.6271186440677966,0.393477898753242,-0.3333333333333333,8749,116,114,open
8458,1810,5,49,0.7228915662650602,0.7631578947368421,0.5,35,3,-1.0,0.1694915254237288,0.393477898753242,-0.6271186440677966,0.393477898753242,-1.0,3979,116,49,open
8455,1807,5,49,0.7415730337078652,0.9210526315789472,0.5,35,3,-1.0,0.1694915254237288,0.393477898753242,-0.6271186440677966,0.393477898753242,-1.0,3976,116,17,open
4521,43,5,49,0.7011494252873564,0.5652173913043478,0.3636363636363636,35,3,-1.0,0.1694915254237288,0.393477898753242,-0.6271186440677966,0.393477898753242,-1.0,42,116,58,open
4521,43,5,49,0.7011494252873564,0.5652173913043478,0.3636363636363636,35,3,-1.0,0.1694915254237288,0.393477898753242,-0.6271186440677966,0.393477898753242,-1.0,42,116,58,open
10004,2312,5,49,0.7222222222222222,0.825,0.4,35,3,-1.0,0.1694915254237288,0.393477898753242,-0.6271186440677966,0.393477898753242,-1.0,3986,116,66,open
11856,3027,5,49,0.5952380952380952,0.7719298245614035,0.2307692307692307,35,3,-1.0,0.1694915254237288,0.393477898753242,-0.6271186440677966,0.393477898753242,-1.0,1925,116,121,open
7736,1359,7,4,0.6354166666666666,0.152317880794702,1.0,1,3,0.0,0.7096774193548387,0.1492753217010929,0.4193548387096774,0.1492753217010929,-1.0,1055,0,38,open
9655,2217,46,36,0.2020725388601036,0.9773371104815864,0.4166666666666667,13,3,1.0,1.0,0.0394444444444444,1.0,0.0394444444444444,-0.3333333333333333,4241,9,768,close
9655,2217,46,36,0.3769430051813471,0.9773371104815864,1.0,13,3,-1.0,0.4,0.393477898753242,-0.2,0.393477898753242,-0.3333333333333333,9282,9,768,open
9655,2217,46,36,0.2901554404145077,0.9773371104815864,1.0,13,3,-1.0,0.4,0.393477898753242,-0.2,0.393477898753242,-0.3333333333333333,9282,9,768,open
13761,3976,5,36,0.6637168141592921,2.090909090909091,0.6666666666666666,13,3,-1.0,0.6666666666666666,0.00015602351961370065,0.3333333333333333,0.00015602351961370065,-1.0,3986,9,29,open
13761,3976,5,36,0.5132743362831859,2.090909090909091,0.5,13,2,-1.0,0.1052631578947368,0.1904223238548872,-0.7894736842105263,0.1904223238548872,-1.0,8887,9,29,open
10182,2366,37,36,0.39875,0.4716981132075472,0.2666666666666666,13,3,-1.0,0.2857142857142857,0.393477898753242,-0.4285714285714285,0.393477898753242,-0.3333333333333333,5795,9,1023,open
10182,2366,37,36,0.74625,0.4716981132075472,1.0,13,3,0.0,0.7096774193548387,0.1492753217010929,0.4193548387096774,0.1492753217010929,-0.3333333333333333,9282,9,1023,open
9655,2217,31,36,0.2192556634304207,1.0359712230215827,0.2291666666666666,13,2,1.0,1.0,0.0394444444444444,1.0,0.0394444444444444,1.0,3986,9,530,close
9655,2217,31,36,0.441747572815534,1.0359712230215827,1.0,13,3,1.0,0.4,0.393477898753242,-0.2,0.393477898753242,1.0,3986,9,530,close
9655,2217,31,36,0.3333333333333333,1.0359712230215827,1.0,13,3,1.0,0.4,0.393477898753242,-0.2,0.393477898753242,1.0,3986,9,530,close
8752,1914,21,36,0.5411471321695761,0.7525252525252525,0.2666666666666666,13,3,1.0,0.2857142857142857,0.393477898753242,-0.4285714285714285,0.393477898753242,1.0,6938,9,581,close
13761,3976,3,65,0.7142857142857143,0.52,1.0,17,3,0.0,0.7096774193548387,0.1492753217010929,0.4193548387096774,0.1492753217010929,-1.0,9282,325,225,open
10182,2366,15,65,0.978827361563518,0.3509615384615384,0.25,17,2,1.0,1.0,0.0394444444444444,1.0,0.0394444444444444,1.0,8869,325,214,close
11965,3190,8,65,0.5510204081632653,0.2718446601941747,0.9230769230769232,17,3,-1.0,0.3333333333333333,0.393477898753242,-0.3333333333333333,0.393477898753242,-1.0,8910,325,56,open
10900,2677,3,65,0.9125,0.7948717948717948,0.2037037037037037,17,2,-1.0,0.8571428571428571,0.0718939203208037,0.7142857142857143,0.0718939203208037,-1.0,8938,325,92,open
13707,3958,2,65,0.6814159292035398,0.53125,1.0,17,2,-1.0,0.5333333333333333,0.393477898753242,0.2666666666666666,0.393477898753242,-1.0,8689,325,132,open
9398,2115,11,65,0.6589147286821705,0.5095541401273885,0.3461538461538461,17,3,-1.0,0.0,0.393477898753242,-1.0,0.393477898753242,-1.0,4241,325,19,open
5918,522,3,65,0.8170731707317073,0.945945945945946,0.1666666666666666,17,3,1.0,0.1666666666666666,0.393477898753242,-0.6666666666666666,0.393477898753242,1.0,1439,325,4,close
6455,604,3,65,0.5432098765432098,0.8717948717948718,0.8,17,3,-1.0,0.6666666666666666,0.00015602351961370065,0.3333333333333333,0.00015602351961370065,0.3333333333333333,122,325,65,open
6455,604,3,65,0.7283950617283951,0.8717948717948718,0.5294117647058824,17,3,1.0,0.6666666666666666,0.00015602351961370065,0.3333333333333333,0.00015602351961370065,0.3333333333333333,122,325,65,close
6455,604,3,65,0.9506172839506172,0.8717948717948718,0.5,17,3,1.0,0.6666666666666666,0.00015602351961370065,0.3333333333333333,0.00015602351961370065,0.3333333333333333,1976,325,65,close
6455,604,2,65,0.6527777777777778,0.7777777777777778,0.8181818181818182,17,3,1.0,0.6666666666666666,0.00015602351961370065,0.3333333333333333,0.00015602351961370065,1.0,122,325,36,close
6455,604,2,65,0.875,0.7777777777777778,0.5294117647058824,17,3,1.0,0.6666666666666666,0.00015602351961370065,0.3333333333333333,0.00015602351961370065,1.0,122,325,36,close
13569,3799,9,65,0.8557692307692307,0.3428571428571428,1.0,17,3,1.0,0.4,0.393477898753242,-0.2,0.393477898753242,1.0,3986,325,374,close
4493,3,8,65,0.9684684684684683,0.2727272727272727,1.0,17,3,1.0,0.4,0.393477898753242,-0.2,0.393477898753242,1.0,14,325,152,close
4493,3,8,65,0.7207207207207207,0.2727272727272727,1.0,17,3,0.0,0.7096774193548387,0.1492753217010929,0.4193548387096774,0.1492753217010929,1.0,14,325,152,close
13761,3976,21,8,0.6,0.3481012658227848,1.0,7,3,-1.0,0.1694915254237288,0.393477898753242,-0.6271186440677966,0.393477898753242,-1.0,61,206,131,open
13761,3976,21,8,0.5673469387755102,0.3481012658227848,0.5,7,3,-1.0,0.1694915254237288,0.393477898753242,-0.6271186440677966,0.393477898753242,-1.0,8794,206,131,open
13761,3976,21,8,0.5142857142857142,0.3481012658227848,0.1818181818181818,7,3,-1.0,0.1694915254237288,0.393477898753242,-0.6271186440677966,0.393477898753242,-1.0,8794,206,131,open
13761,3976,21,8,0.689795918367347,0.3481012658227848,0.2222222222222222,7,3,-1.0,0.1694915254237288,0.393477898753242,-0.6271186440677966,0.393477898753242,-1.0,8794,206,131,open
13647,3835,16,8,0.582995951417004,0.4509803921568627,1.0,7,3,1.0,0.4,0.393477898753242,-0.2,0.393477898753242,1.0,9282,206,59,close
4552,75,8,8,0.5466237942122186,0.1904761904761904,0.5,7,3,-1.0,0.1666666666666666,0.393477898753242,-0.6666666666666666,0.393477898753242,-1.0,73,206,186,open
4552,75,8,8,0.7491961414790996,0.1904761904761904,0.4791666666666667,7,3,-1.0,0.1666666666666666,0.393477898753242,-0.6666666666666666,0.393477898753242,-1.0,73,206,186,open
13761,3976,3,51,0.4308943089430894,0.3170731707317073,0.5382003395585739,12,2,1.0,1.0,0.393477898753242,1.0,0.393477898753242,1.0,9282,67,208,close
4849,215,15,51,0.9452054794520548,0.2638888888888889,0.5185185185185185,12,3,-1.0,0.2857142857142857,0.393477898753242,-0.4285714285714285,0.393477898753242,-1.0,3986,67,275,open
6548,616,6,51,0.6601941747572816,0.8125,1.0,12,3,-1.0,0.4,0.393477898753242,-0.2,0.393477898753242,-1.0,2069,67,85,open
7485,1223,35,51,0.8104886769964244,0.2076124567474048,0.7777777777777778,12,3,-1.0,0.3333333333333333,0.393477898753242,-0.3333333333333333,0.393477898753242,-1.0,2101,67,1366,open
7485,1223,35,51,0.3063170441001192,0.2076124567474048,1.0,12,3,-1.0,0.4,0.393477898753242,-0.2,0.393477898753242,-1.0,9282,67,1366,open
7485,1223,4,51,1.0982142857142858,0.7692307692307693,0.6666666666666666,12,3,-0.5,0.45,0.0718939203208037,-0.1,0.0718939203208037,-1.0,3986,67,20,open
7860,1416,22,51,0.1595744680851064,0.2,0.8571428571428571,12,2,-1.0,0.1052631578947368,0.1904223238548872,-0.7894736842105263,0.1904223238548872,-1.0,3758,67,358,open
7860,1416,22,51,0.4964539007092198,0.2,1.0,12,3,-1.0,0.4,0.393477898753242,-0.2,0.393477898753242,-1.0,9282,67,358,open
7206,993,9,51,0.4568965517241379,0.3475177304964539,0.1351351351351351,12,3,-1.0,0.1666666666666666,0.393477898753242,-0.6666666666666666,0.393477898753242,-1.0,2693,67,27,open
8608,1874,1,10,0.58,0.6071428571428571,1.0,6,3,0.0,0.8813559322033898,0.393477898753242,0.7627118644067796,0.393477898753242,1.0,4129,0,2,open
10273,2574,2,10,0.5,0.5,1.0,6,3,0.0,0.8813559322033898,0.393477898753242,0.7627118644067796,0.393477898753242,1.0,6349,0,19,open
13709,3959,25,10,0.2510288065843621,0.2484472049689441,1.0,6,3,0.0,0.8813559322033898,0.393477898753242,0.7627118644067796,0.393477898753242,0.0,9030,0,262,open
13709,3959,25,10,0.3209876543209876,0.2484472049689441,1.0,6,3,0.0,0.7096774193548387,0.1492753217010929,0.4193548387096774,0.1492753217010929,0.0,3382,0,262,open
7734,1346,1,10,0.6530612244897959,0.68,1.0,6,3,0.0,0.8813559322033898,0.393477898753242,0.7627118644067796,0.393477898753242,1.0,3255,0,30,open
13738,3971,15,10,0.1947368421052631,0.6116504854368932,1.0,6,3,0.0,0.8813559322033898,0.393477898753242,0.7627118644067796,0.393477898753242,1.0,9259,0,298,open
12309,3404,8,7,0.6967741935483871,0.3047619047619048,0.1764705882352941,4,3,-1.0,0.2840909090909091,0.393477898753242,-0.3977272727272727,0.393477898753242,-1.0,9068,0,126,open
13738,3971,13,7,0.2338308457711442,0.1770833333333333,0.1818181818181818,4,3,-1.0,0.2840909090909091,0.393477898753242,-0.3977272727272727,0.393477898753242,0.3333333333333333,8752,0,132,open
13738,3971,13,7,0.3283582089552239,0.1770833333333333,0.15,4,3,1.0,0.2840909090909091,0.393477898753242,-0.3977272727272727,0.393477898753242,0.3333333333333333,3753,0,132,close
13738,3971,13,7,0.3980099502487562,0.1770833333333333,1.0,4,3,0.0,0.7096774193548387,0.1492753217010929,0.4193548387096774,0.1492753217010929,0.3333333333333333,9259,0,132,open
12235,3392,1,2,0.3615384615384615,0.2040816326530612,0.0875,1,2,1.0,1.0,0.393477898753242,1.0,0.393477898753242,1.0,3986,0,109,close
13726,3964,18,1,0.6501547987616099,0.1491935483870967,1.0,2,1,1.0,0.6274509803921569,0.00015602351961370065,0.2745098039215686,0.00015602351961370065,0.0,2956,0,77,close
13761,3976,10,1,0.7853107344632768,0.6702127659574468,0.3888888888888889,1,3,1.0,0.2857142857142857,0.393477898753242,-0.4285714285714285,0.393477898753242,1.0,4160,0,177,close
8720,1908,10,6,0.391705069124424,0.2129032258064516,0.0606060606060606,1,3,-1.0,0.2840909090909091,0.393477898753242,-0.3977272727272727,0.393477898753242,-1.0,3986,0,178,open
8720,1908,21,23,0.8271186440677966,0.2914572864321608,0.2727272727272727,20,1,1.0,0.6274509803921569,0.00015602351961370065,0.2745098039215686,0.00015602351961370065,1.0,8747,0,542,close
8720,1908,21,23,0.7423728813559322,0.2914572864321608,0.4285714285714285,20,1,1.0,0.6274509803921569,0.00015602351961370065,0.2745098039215686,0.00015602351961370065,1.0,8747,0,542,close
8720,1908,21,23,0.1932203389830508,0.2914572864321608,1.0,20,3,0.0,0.8813559322033898,0.393477898753242,0.7627118644067796,0.393477898753242,1.0,9282,0,542,open
8674,1888,16,23,1.6567796610169492,0.3787878787878788,0.6666666666666666,20,3,-0.5,0.45,0.0718939203208037,-0.1,0.0718939203208037,0.0,8747,0,136,open
8674,1888,16,23,0.423728813559322,0.3787878787878788,1.0,20,3,0.0,0.8813559322033898,0.393477898753242,0.7627118644067796,0.393477898753242,0.0,9282,0,136,open
8526,1858,26,23,0.4837962962962963,0.3231292517006803,1.0,20,2,-1.0,0.4,0.393477898753242,-0.2,0.393477898753242,0.0,981,0,159,open
8526,1858,26,23,0.1296296296296296,0.3231292517006803,1.0,20,3,0.0,0.8813559322033898,0.393477898753242,0.7627118644067796,0.393477898753242,0.0,4047,0,159,open
8674,1888,23,23,0.242914979757085,0.9439252336448598,1.0,20,3,0.0,0.8813559322033898,0.393477898753242,0.7627118644067796,0.393477898753242,1.0,9282,0,301,open
6539,615,30,23,0.4556354916067146,0.32,1.0,20,1,-1.0,0.6274509803921569,0.00015602351961370065,0.2745098039215686,0.00015602351961370065,0.0,1618,0,956,open
6539,615,30,23,0.3932853717026379,0.32,1.0,20,1,1.0,0.6274509803921569,0.00015602351961370065,0.2745098039215686,0.00015602351961370065,0.0,1618,0,956,close
6539,615,30,23,0.1414868105515587,0.32,1.0,20,3,0.0,0.8813559322033898,0.393477898753242,0.7627118644067796,0.393477898753242,0.0,9282,0,956,open
9736,2248,9,23,0.4242424242424242,1.075,1.0,20,3,0.0,0.8813559322033898,0.393477898753242,0.7627118644067796,0.393477898753242,1.0,9282,0,69,open
7736,1359,18,23,0.4840989399293286,0.5337423312883436,1.0,20,1,1.0,0.6274509803921569,0.00015602351961370065,0.2745098039215686,0.00015602351961370065,1.0,1618,0,405,close
7736,1359,18,23,0.3886925795053003,0.5337423312883436,1.0,20,1,1.0,0.6274509803921569,0.00015602351961370065,0.2745098039215686,0.00015602351961370065,1.0,1618,0,405,close
7736,1359,18,23,0.1766784452296819,0.5337423312883436,1.0,20,3,0.0,0.8813559322033898,0.393477898753242,0.7627118644067796,0.393477898753242,1.0,9282,0,405,open
10069,2333,6,23,0.8255813953488372,0.631578947368421,1.0,20,3,-1.0,0.4,0.393477898753242,-0.2,0.393477898753242,-1.0,4373,0,35,open
8674,1888,11,9,0.5235849056603774,0.1527777777777778,0.4444444444444444,8,3,-1.0,0.2840909090909091,0.393477898753242,-0.3977272727272727,0.393477898753242,0.0,3986,0,126,open
8674,1888,11,9,0.2358490566037736,0.1527777777777778,1.0,8,3,0.0,0.8813559322033898,0.393477898753242,0.7627118644067796,0.393477898753242,0.0,4777,0,126,open
9655,2217,12,9,0.3372549019607843,0.3192771084337349,0.2142857142857142,8,3,-1.0,0.2840909090909091,0.393477898753242,-0.3977272727272727,0.393477898753242,-1.0,4160,0,118,open
9655,2217,12,9,0.4627450980392157,0.3192771084337349,0.25,8,3,-1.0,0.2840909090909091,0.393477898753242,-0.3977272727272727,0.393477898753242,-1.0,3986,0,118,open
9655,2217,8,9,0.9096045197740112,0.2833333333333333,0.3,8,3,1.0,0.2840909090909091,0.393477898753242,-0.3977272727272727,0.393477898753242,1.0,9068,0,143,close
13329,3678,18,9,0.7358490566037735,0.3016759776536313,0.0857142857142857,8,3,1.0,0.2840909090909091,0.393477898753242,-0.3977272727272727,0.393477898753242,1.0,8747,0,1455,close
13329,3678,18,9,0.320754716981132,0.3016759776536313,0.0952380952380952,8,3,1.0,0.2840909090909091,0.393477898753242,-0.3977272727272727,0.393477898753242,1.0,8747,0,1455,close
13329,3678,18,9,0.8754716981132076,0.3016759776536313,1.0,8,3,1.0,0.4,0.393477898753242,-0.2,0.393477898753242,1.0,3986,0,1455,close
13509,3741,15,11,0.7330210772833724,0.2145214521452145,0.3333333333333333,3,3,-1.0,0.2840909090909091,0.393477898753242,-0.3977272727272727,0.393477898753242,-1.0,3986,0,378,open
13705,3958,7,9,0.2194092827004219,0.11,1.0,6,3,0.0,0.8813559322033898,0.393477898753242,0.7627118644067796,0.393477898753242,1.0,9282,0,407,open
7736,1359,17,9,0.1451612903225806,1.443181818181818,1.0,6,3,0.0,0.8813559322033898,0.393477898753242,0.7627118644067796,0.393477898753242,1.0,9282,0,43,close
10273,2574,8,9,0.4713375796178344,1.2258064516129032,1.0,6,3,0.0,0.8813559322033898,0.393477898753242,0.7627118644067796,0.393477898753242,1.0,9282,0,251,close
4758,183,9,9,0.272108843537415,0.3846153846153846,1.0,6,3,0.0,0.8813559322033898,0.393477898753242,0.7627118644067796,0.393477898753242,1.0,279,0,109,open
13382,3707,14,9,0.1710526315789473,0.1739130434782608,1.0,6,3,0.0,0.8813559322033898,0.393477898753242,0.7627118644067796,0.393477898753242,1.0,9282,0,473,open
10273,2574,13,4,0.3786008230452675,0.2838709677419355,0.6,3,3,1.0,0.2840909090909091,0.393477898753242,-0.3977272727272727,0.393477898753242,1.0,9068,0,201,close
10273,2574,7,4,0.9333333333333332,0.4025974025974026,0.2222222222222222,3,3,1.0,0.2840909090909091,0.393477898753242,-0.3977272727272727,0.393477898753242,1.0,3986,0,160,close
10273,2574,7,4,0.7333333333333333,0.4025974025974026,0.3333333333333333,3,3,1.0,0.2840909090909091,0.393477898753242,-0.3977272727272727,0.393477898753242,1.0,3986,0,160,close
12923,3505,17,21,0.7040816326530612,0.4467213114754098,0.6666666666666666,3,3,-1.0,0.4,0.393477898753242,-0.2,0.393477898753242,-1.0,8444,9,887,open
10273,2574,6,21,6.051948051948052,1.064516129032258,0.6666666666666666,3,3,-0.5,0.45,0.0718939203208037,-0.1,0.0718939203208037,-1.0,8000,9,36,open
8720,1908,4,19,0.8742138364779874,1.1692307692307693,1.0,12,3,-1.0,0.4,0.393477898753242,-0.2,0.393477898753242,-1.0,5795,0,232,open
8674,1888,20,19,0.3164251207729469,0.4880952380952381,0.1652777777777777,12,1,0.0,0.6274509803921569,0.00015602351961370065,0.2745098039215686,0.00015602351961370065,0.0,8852,0,184,close
8674,1888,20,19,0.3454106280193236,0.4880952380952381,1.0,12,1,0.0,0.6274509803921569,0.00015602351961370065,0.2745098039215686,0.00015602351961370065,0.0,3399,0,184,open
8674,1888,20,19,0.9371980676328504,0.4880952380952381,0.6666666666666666,12,2,-1.0,0.3,0.1904223238548872,-0.4,0.1904223238548872,0.0,1301,0,184,open
8674,1888,20,19,0.4758454106280193,0.4880952380952381,0.4166666666666667,12,2,1.0,0.3333333333333333,0.1492753217010929,-0.3333333333333333,0.1492753217010929,0.0,3360,0,184,close
10176,2366,13,19,0.6385767790262172,0.3718309859154929,1.0,12,3,-1.0,0.1666666666666666,0.393477898753242,-0.6666666666666666,0.393477898753242,-1.0,3396,0,529,open
13726,3964,63,19,0.2406159769008662,0.3084648493543759,0.6666666666666666,12,3,-0.5,0.45,0.0718939203208037,-0.1,0.0718939203208037,0.2,3986,0,776,open
13726,3964,63,19,0.8286814244465832,0.3084648493543759,1.0,12,3,-1.0,0.4,0.393477898753242,-0.2,0.393477898753242,0.2,5795,0,776,open
13726,3964,63,19,0.5187680461982676,0.3084648493543759,1.0,12,3,0.0,0.7096774193548387,0.1492753217010929,0.4193548387096774,0.1492753217010929,0.2,9282,0,776,close
13726,3964,63,19,0.5476419634263715,0.3084648493543759,1.0,12,3,0.0,0.7096774193548387,0.1492753217010929,0.4193548387096774,0.1492753217010929,0.2,9282,0,776,close
13726,3964,63,19,0.5765158806544755,0.3084648493543759,1.0,12,3,0.0,0.7096774193548387,0.1492753217010929,0.4193548387096774,0.1492753217010929,0.2,9282,0,776,close
5780,487,3,19,0.7692307692307693,0.532258064516129,1.0,12,3,-1.0,0.4,0.393477898753242,-0.2,0.393477898753242,-1.0,1301,0,9,open
11909,3138,33,1,0.3402537485582468,0.1861958266452648,0.1904761904761904,2,3,-1.0,0.2840909090909091,0.393477898753242,-0.3977272727272727,0.393477898753242,0.0,3986,0,1493,open
11909,3138,33,1,0.0899653979238754,0.1861958266452648,1.0,2,3,0.0,0.8813559322033898,0.393477898753242,0.7627118644067796,0.393477898753242,0.0,9282,0,1493,open
13076,3544,21,52,0.1904761904761904,0.7608695652173914,1.0,29,3,0.0,0.8813559322033898,0.393477898753242,0.7627118644067796,0.393477898753242,0.0,8597,82,230,open
10385,2597,24,52,0.5551401869158878,0.0689655172413793,1.0,29,1,-1.0,0.6274509803921569,0.00015602351961370065,0.2745098039215686,0.00015602351961370065,-1.0,2956,82,55,open
7128,944,17,52,0.2224157955865273,0.4087791495198902,1.0,29,2,1.0,1.0,0.0,1.0,0.0,1.0,2649,82,1061,close
7128,944,17,52,0.1968641114982578,0.4087791495198902,1.0,29,3,0.0,0.7096774193548387,0.1492753217010929,0.4193548387096774,0.1492753217010929,1.0,2649,82,1061,close
7128,944,17,52,0.2029616724738676,0.4087791495198902,1.0,29,3,0.0,0.7096774193548387,0.1492753217010929,0.4193548387096774,0.1492753217010929,1.0,2649,82,1061,close
7128,944,17,52,0.9337979094076656,0.4087791495198902,1.0,29,1,1.0,0.6274509803921569,0.00015602351961370065,0.2745098039215686,0.00015602351961370065,1.0,2649,82,1061,close
7128,944,20,52,0.2221269296740995,0.2726161369193154,1.0,29,3,1.0,0.4,0.393477898753242,-0.2,0.393477898753242,0.2,2649,82,344,close
7128,944,20,52,0.4271012006861063,0.2726161369193154,1.0,29,3,0.0,0.7096774193548387,0.1492753217010929,0.4193548387096774,0.1492753217010929,0.2,2649,82,344,open
7128,944,20,52,0.4331046312178387,0.2726161369193154,1.0,29,3,0.0,0.7096774193548387,0.1492753217010929,0.4193548387096774,0.1492753217010929,0.2,2431,82,344,open
7128,944,20,52,0.5694682675814752,0.2726161369193154,1.0,29,3,0.0,0.7096774193548387,0.1492753217010929,0.4193548387096774,0.1492753217010929,0.2,2649,82,344,open
7128,944,20,52,0.6732418524871355,0.2726161369193154,1.0,29,1,-1.0,0.6274509803921569,0.00015602351961370065,0.2745098039215686,0.00015602351961370065,0.2,2550,82,344,open
7113,941,6,52,0.375,0.4623655913978494,1.0,29,2,0.0,1.0,0.1904223238548872,1.0,0.1904223238548872,1.0,2634,82,158,close
7113,941,6,52,0.3869047619047619,0.4623655913978494,1.0,29,2,0.0,1.0,0.1904223238548872,1.0,0.1904223238548872,1.0,2634,82,158,close
7863,1416,116,52,0.7907477138246369,0.4184641932700604,1.0,29,3,-1.0,0.2840909090909091,0.393477898753242,-0.3977272727272727,0.393477898753242,0.3333333333333333,2158,82,2322,open
7863,1416,116,52,0.4556213017751479,0.4184641932700604,0.4166666666666667,29,1,1.0,0.6274509803921569,0.00015602351961370065,0.2745098039215686,0.00015602351961370065,0.3333333333333333,7730,82,2322,close
7863,1416,116,52,0.6589564281871975,0.4184641932700604,1.0,29,3,0.0,0.7096774193548387,0.1492753217010929,0.4193548387096774,0.1492753217010929,0.3333333333333333,7730,82,2322,close
8465,1820,13,52,0.2510917030567685,0.5725190839694656,1.0,29,1,-1.0,0.6274509803921569,0.00015602351961370065,0.2745098039215686,0.00015602351961370065,-1.0,3398,82,405,open
8465,1820,13,52,0.2445414847161572,0.5725190839694656,1.0,29,1,-1.0,0.6274509803921569,0.00015602351961370065,0.2745098039215686,0.00015602351961370065,-1.0,2956,82,405,open
7545,1246,15,52,0.4190981432360742,0.2230769230769231,0.6666666666666666,29,3,0.5,0.45,0.0718939203208037,-0.1,0.0718939203208037,1.0,8747,82,364,close
7545,1246,15,52,0.4244031830238727,0.2230769230769231,0.8333333333333334,29,3,0.5,0.45,0.0718939203208037,-0.1,0.0718939203208037,1.0,9282,82,364,close
7545,1246,15,52,0.1326259946949602,0.2230769230769231,1.0,29,3,0.0,0.8813559322033898,0.393477898753242,0.7627118644067796,0.393477898753242,1.0,9282,82,364,close
7545,1246,15,52,0.4694960212201591,0.2230769230769231,1.0,29,3,0.0,0.7096774193548387,0.1492753217010929,0.4193548387096774,0.1492753217010929,1.0,9282,82,364,close
7545,1246,35,52,0.2333333333333333,0.6122448979591837,0.2291666666666666,29,2,1.0,0.75,0.393477898753242,0.5,0.393477898753242,1.0,3986,82,578,close
7545,1246,35,52,0.8822695035460993,0.6122448979591837,1.0,29,3,1.0,0.4,0.393477898753242,-0.2,0.393477898753242,1.0,3986,82,578,close
8465,1820,4,23,0.4939759036144578,0.52,1.0,8,1,-1.0,0.6274509803921569,0.00015602351961370065,0.2745098039215686,0.00015602351961370065,-1.0,2956,0,120,open
8703,1900,4,23,0.2540322580645161,0.4965986394557823,0.25,8,3,-1.0,0.2857142857142857,0.393477898753242,-0.4285714285714285,0.393477898753242,-1.0,4224,0,41,open
6870,765,5,23,0.91,0.8333333333333334,1.0,8,3,-1.0,0.1666666666666666,0.393477898753242,-0.6666666666666666,0.393477898753242,-1.0,1285,0,32,open
7545,1246,17,23,0.1774891774891775,0.624,1.0,8,3,0.0,0.8813559322033898,0.393477898753242,0.7627118644067796,0.393477898753242,1.0,9282,0,194,open
7545,1246,16,23,0.2610837438423645,1.3289473684210529,1.0,8,3,0.0,0.8813559322033898,0.393477898753242,0.7627118644067796,0.393477898753242,1.0,4160,0,107,open
8465,1820,17,23,0.1864406779661017,1.077669902912621,1.0,8,3,0.0,0.8813559322033898,0.393477898753242,0.7627118644067796,0.393477898753242,-1.0,4160,0,41,open
8465,1820,19,23,0.9846153846153848,0.6714285714285714,1.0,8,3,1.0,0.4,0.393477898753242,-0.2,0.393477898753242,1.0,3986,0,361,close
8465,1820,19,23,0.7615384615384615,0.6714285714285714,0.5789473684210527,8,2,1.0,0.3333333333333333,0.393477898753242,0.0,0.393477898753242,1.0,3139,0,361,close
7509,1237,17,10,0.3709677419354839,1.1122994652406415,0.5,19,2,-1.0,0.1052631578947368,0.1904223238548872,-0.7894736842105263,0.1904223238548872,-1.0,8599,0,638,open
7509,1237,17,10,0.4585253456221198,1.1122994652406415,0.3333333333333333,19,2,-1.0,0.1052631578947368,0.1904223238548872,-0.7894736842105263,0.1904223238548872,-1.0,8599,0,638,open
7509,1237,17,10,0.3387096774193548,1.1122994652406415,0.5,19,2,-1.0,0.1052631578947368,0.1904223238548872,-0.7894736842105263,0.1904223238548872,-1.0,8599,0,638,open
7509,1237,17,10,0.4078341013824885,1.1122994652406415,0.3333333333333333,19,2,-1.0,0.1052631578947368,0.1904223238548872,-0.7894736842105263,0.1904223238548872,-1.0,8599,0,638,open
7509,1237,15,10,0.6769911504424779,0.5769230769230769,0.6666666666666666,19,3,-1.0,0.2840909090909091,0.393477898753242,-0.3977272727272727,0.393477898753242,0.0,6965,0,318,open
7509,1237,15,10,0.3982300884955752,0.5769230769230769,0.5654761904761905,19,2,1.0,0.4,0.0718939203208037,-0.2,0.0718939203208037,0.0,7677,0,318,close
7509,1237,15,10,0.7389380530973452,0.5769230769230769,0.1935483870967742,19,3,0.0,0.6666666666666666,0.0394444444444444,0.3333333333333333,0.0394444444444444,0.0,6965,0,318,close
7509,1237,15,10,0.9557522123893806,0.5769230769230769,0.6666666666666666,19,3,1.0,0.6666666666666666,0.0394444444444444,0.3333333333333333,0.0394444444444444,0.0,6965,0,318,close
7509,1237,15,10,0.7964601769911505,0.5769230769230769,0.4193548387096774,19,3,0.0,0.1694915254237288,0.393477898753242,-0.6271186440677966,0.393477898753242,0.0,3373,0,318,open
7509,1237,15,10,0.3628318584070796,0.5769230769230769,0.6666666666666666,19,3,-1.0,0.1694915254237288,0.393477898753242,-0.6271186440677966,0.393477898753242,0.0,3986,0,318,open
7509,1237,6,10,0.3684210526315789,0.7166666666666667,0.5833333333333334,19,1,-1.0,0.4,0.0718939203208037,-0.2,0.0718939203208037,-1.0,3986,0,95,open
4848,215,25,10,0.8266199649737302,1.015267175572519,0.6666666666666666,19,3,-1.0,0.2840909090909091,0.393477898753242,-0.3977272727272727,0.393477898753242,-1.0,3986,0,69,open
4848,215,25,10,0.8931698774080561,1.015267175572519,1.0,19,3,-1.0,0.5,0.0718939203208037,0.0,0.0718939203208037,-1.0,5795,0,69,open
4848,215,25,10,0.3695271453590192,1.015267175572519,0.4285714285714285,19,1,-1.0,0.6274509803921569,0.00015602351961370065,0.2745098039215686,0.00015602351961370065,-1.0,3958,0,69,open
4848,215,25,10,0.3747810858143607,1.015267175572519,0.8571428571428571,19,1,-1.0,0.6274509803921569,0.00015602351961370065,0.2745098039215686,0.00015602351961370065,-1.0,3958,0,69,open
4848,215,25,10,0.574430823117338,1.015267175572519,1.0,19,2,-1.0,0.3333333333333333,0.393477898753242,0.0,0.393477898753242,-1.0,8599,0,69,open
4848,215,25,10,0.1838879159369527,1.015267175572519,1.0,19,2,0.0,0.0,0.393477898753242,-1.0,0.393477898753242,-1.0,8599,0,69,open
12415,3425,7,1,0.3583333333333333,2.4838709677419355,1.0,1,3,0.0,0.8813559322033898,0.393477898753242,0.7627118644067796,0.393477898753242,-1.0,9282,0,126,open
12415,3425,11,1,0.9474708171206224,0.5602836879432624,0.35,2,3,1.0,0.2840909090909091,0.393477898753242,-0.3977272727272727,0.393477898753242,0.0,3986,0,47,close
12415,3425,11,1,0.7937743190661478,0.5602836879432624,1.0,2,3,-1.0,0.4,0.393477898753242,-0.2,0.393477898753242,0.0,9045,0,47,open
11534,2907,15,4,0.7116704805491991,0.1479289940828402,0.06,2,3,-1.0,0.2840909090909091,0.393477898753242,-0.3977272727272727,0.393477898753242,-1.0,7055,0,754,open
11534,2907,15,4,0.6338672768878718,0.1479289940828402,0.0666666666666666,2,3,-1.0,0.2840909090909091,0.393477898753242,-0.3977272727272727,0.393477898753242,-1.0,7055,0,754,open
7725,1335,2,14,0.422680412371134,0.2985074626865671,1.0,10,3,0.0,0.8813559322033898,0.393477898753242,0.7627118644067796,0.393477898753242,1.0,3246,4,17,open
11534,2907,39,14,0.9303621169916436,0.5033860045146726,1.0,10,3,0.0,0.7096774193548387,0.1492753217010929,0.4193548387096774,0.1492753217010929,-0.7142857142857143,7055,4,669,open
11534,2907,39,14,0.9428969359331476,0.5033860045146726,1.0,10,3,0.0,0.7096774193548387,0.1492753217010929,0.4193548387096774,0.1492753217010929,-0.7142857142857143,7055,4,669,open
7736,1359,15,14,0.6786786786786787,0.9473684210526316,1.0,10,3,-1.0,0.4,0.393477898753242,-0.2,0.393477898753242,-1.0,5795,4,587,open
7736,1359,15,14,0.3633633633633634,0.9473684210526316,1.0,10,3,-1.0,0.4,0.393477898753242,-0.2,0.393477898753242,-1.0,5795,4,587,open
6448,604,36,3,0.5232919254658385,0.2592592592592592,0.3141025641025641,4,2,1.0,1.0,0.0,1.0,0.0,0.5,1969,10,540,close
6448,604,36,3,0.2437888198757763,0.2592592592592592,0.13,4,3,-1.0,0.0,0.0625,-1.0,0.0625,0.5,1969,10,540,open
6448,604,36,3,0.5217391304347826,0.2592592592592592,0.5,4,3,1.0,1.0,0.0625,1.0,0.0625,0.5,1969,10,540,close
6448,604,36,3,0.6645962732919255,0.2592592592592592,1.0,4,3,0.0,0.7096774193548387,0.1492753217010929,0.4193548387096774,0.1492753217010929,0.5,1969,10,540,open
7736,1359,36,4,0.556640625,0.4055727554179567,1.0,16,3,1.0,0.2857142857142857,0.393477898753242,-0.4285714285714285,0.393477898753242,-0.875,3986,0,780,close
4847,215,3,2,0.819327731092437,0.3918918918918919,0.3777777777777777,1,1,1.0,0.6274509803921569,0.00015602351961370065,0.2745098039215686,0.00015602351961370065,1.0,1278,0,856,close
11942,3169,4,4,0.4878048780487805,0.6630434782608695,1.0,1,3,1.0,0.5,0.0718939203208037,0.0,0.0718939203208037,1.0,7463,0,145,close
11942,3169,13,6,0.6978021978021978,0.3389830508474576,0.12,5,3,-1.0,0.2840909090909091,0.393477898753242,-0.3977272727272727,0.393477898753242,-1.0,3986,1,144,open
11942,3169,13,6,0.4148351648351648,0.3389830508474576,0.4,5,3,-1.0,0.2840909090909091,0.393477898753242,-0.3977272727272727,0.393477898753242,-1.0,3986,1,144,open
11942,3169,9,6,0.7535211267605634,0.2295918367346938,0.125,5,3,-1.0,0.2840909090909091,0.393477898753242,-0.3977272727272727,0.393477898753242,-1.0,3986,1,272,open
11942,3169,9,6,0.5070422535211268,0.2295918367346938,0.0909090909090909,5,3,-1.0,0.2840909090909091,0.393477898753242,-0.3977272727272727,0.393477898753242,-1.0,3986,1,272,open
11942,3169,2,12,0.9,0.7962962962962963,0.7297297297297297,16,2,1.0,1.0,0.0,1.0,0.0,1.0,1037,0,124,close
11942,3169,43,12,0.8380414312617702,0.2066115702479339,0.6666666666666666,16,3,-0.5,0.45,0.0718939203208037,-0.1,0.0718939203208037,-0.1111111111111111,2032,0,100,open
11942,3169,43,12,0.8615819209039548,0.2066115702479339,0.8333333333333334,16,3,0.5,0.45,0.0718939203208037,-0.1,0.0718939203208037,-0.1111111111111111,7463,0,100,close
11942,3169,43,12,0.6836158192090396,0.2066115702479339,1.0,16,3,1.0,0.4,0.393477898753242,-0.2,0.393477898753242,-0.1111111111111111,7463,0,100,close
11942,3169,43,12,0.2843691148775895,0.2066115702479339,0.4166666666666667,16,3,1.0,0.1694915254237288,0.393477898753242,-0.6271186440677966,0.393477898753242,-0.1111111111111111,3986,0,100,close
11942,3169,43,12,0.2674199623352166,0.2066115702479339,0.2291666666666666,16,3,1.0,0.1694915254237288,0.393477898753242,-0.6271186440677966,0.393477898753242,-0.1111111111111111,3986,0,100,close
7863,1416,31,12,0.6804511278195489,0.5504885993485342,0.4117647058823529,16,3,1.0,0.4,0.393477898753242,-0.2,0.393477898753242,1.0,1170,0,257,close
7863,1416,31,12,0.7218045112781954,0.5504885993485342,0.4166666666666667,16,3,1.0,0.4,0.393477898753242,-0.2,0.393477898753242,1.0,1170,0,257,close
7863,1416,31,12,0.3703007518796992,0.5504885993485342,1.0,16,3,1.0,0.4,0.393477898753242,-0.2,0.393477898753242,1.0,7463,0,257,close
7863,1416,32,12,0.3844621513944223,0.3765432098765432,1.0,16,1,1.0,0.6274509803921569,0.00015602351961370065,0.2745098039215686,0.00015602351961370065,1.0,2736,0,505,close
7863,1416,11,5,0.3508771929824561,1.98,1.0,2,3,0.0,0.8813559322033898,0.393477898753242,0.7627118644067796,0.393477898753242,-1.0,7526,0,150,open
7545,1246,17,5,0.1937984496124031,1.0803571428571428,1.0,2,3,0.0,0.8813559322033898,0.393477898753242,0.7627118644067796,0.393477898753242,1.0,7526,0,460,open
12005,3239,7,2,0.7387387387387387,0.9591836734693876,0.6,2,3,1.0,0.2840909090909091,0.393477898753242,-0.3977272727272727,0.393477898753242,1.0,3986,0,18,close
12309,3404,7,2,0.6926605504587156,0.5932203389830508,0.2916666666666667,2,3,1.0,0.2840909090909091,0.393477898753242,-0.3977272727272727,0.393477898753242,1.0,3986,0,47,close
12005,3239,64,6,0.5109090909090909,0.4106351550960118,0.1875,3,3,-1.0,0.3333333333333333,0.393477898753242,-0.3333333333333333,0.393477898753242,0.3333333333333333,7526,0,1044,open
12005,3239,64,6,0.8818181818181818,0.4106351550960118,1.0,3,3,0.0,0.7096774193548387,0.1492753217010929,0.4193548387096774,0.1492753217010929,0.3333333333333333,7526,0,1044,close
12005,3239,64,6,0.8945454545454545,0.4106351550960118,1.0,3,3,0.0,0.7096774193548387,0.1492753217010929,0.4193548387096774,0.1492753217010929,0.3333333333333333,7526,0,1044,open
7509,1237,15,3,0.3630769230769231,0.1330472103004291,0.0952380952380952,2,3,-1.0,0.2840909090909091,0.393477898753242,-0.3977272727272727,0.393477898753242,-1.0,3986,0,115,open
7509,1237,15,3,0.48,0.1330472103004291,0.2,2,3,-1.0,0.2840909090909091,0.393477898753242,-0.3977272727272727,0.393477898753242,-1.0,3986,0,115,open
4626,120,14,3,0.5729166666666666,0.2291666666666666,0.3676470588235294,1,1,-1.0,0.6274509803921569,0.00015602351961370065,0.2745098039215686,0.00015602351961370065,-1.0,147,0,2,open
7298,1095,8,1,0.7291139240506329,0.2076124567474048,1.0,3,1,0.3333333333333333,0.6274509803921569,0.00015602351961370065,0.2745098039215686,0.00015602351961370065,0.3333333333333333,2736,0,486,close
7298,1095,8,1,0.739240506329114,0.2076124567474048,1.0,3,1,0.3333333333333333,0.6274509803921569,0.00015602351961370065,0.2745098039215686,0.00015602351961370065,0.3333333333333333,2819,0,486,close
7298,1095,8,1,0.5240506329113924,0.2076124567474048,1.0,3,2,0.3333333333333333,0.4,0.393477898753242,-0.2,0.393477898753242,0.3333333333333333,1276,0,486,open
7298,1095,57,18,0.8219424460431655,0.391812865497076,0.5384615384615384,3,3,1.0,0.2857142857142857,0.393477898753242,-0.4285714285714285,0.393477898753242,-0.3333333333333333,2819,0,226,close
7298,1095,57,18,0.9172661870503596,0.391812865497076,0.375,3,2,-1.0,0.3333333333333333,0.1492753217010929,-0.3333333333333333,0.1492753217010929,-0.3333333333333333,2763,0,226,open
7298,1095,57,18,0.4127697841726618,0.391812865497076,0.5833333333333334,3,2,-1.0,0.3333333333333333,0.1492753217010929,-0.3333333333333333,0.1492753217010929,-0.3333333333333333,2763,0,226,open
7275,1090,9,5,0.4558823529411764,0.5789473684210527,1.0,7,3,-1.0,0.4,0.393477898753242,-0.2,0.393477898753242,-1.0,2796,2,2,open
7298,1095,52,5,0.238095238095238,0.9052924791086352,1.0,7,3,-1.0,0.1694915254237288,0.393477898753242,-0.6271186440677966,0.393477898753242,-0.3333333333333333,2745,2,85,open
7298,1095,52,5,0.3397683397683397,0.9052924791086352,0.0909090909090909,7,3,1.0,0.1694915254237288,0.393477898753242,-0.6271186440677966,0.393477898753242,-0.3333333333333333,2819,2,85,close
7298,1095,52,5,0.8983268983268984,0.9052924791086352,0.1538461538461538,7,3,-1.0,0.1694915254237288,0.393477898753242,-0.6271186440677966,0.393477898753242,-0.3333333333333333,2807,2,85,open
7298,1095,6,5,0.9591836734693876,1.1,0.6666666666666666,7,3,-1.0,0.6666666666666666,0.0394444444444444,0.3333333333333333,0.0394444444444444,-1.0,2574,2,11,open
7298,1095,10,5,0.4496644295302013,0.6625,1.0,7,3,-1.0,0.4,0.393477898753242,-0.2,0.393477898753242,-1.0,2819,2,6,open
7298,1095,10,5,0.3422818791946309,0.6625,1.0,7,3,0.0,0.7096774193548387,0.1492753217010929,0.4193548387096774,0.1492753217010929,-1.0,2819,2,6,open
5679,428,3,4,0.684931506849315,0.8611111111111112,0.2352941176470588,3,1,1.0,0.6274509803921569,0.00015602351961370065,0.2745098039215686,0.00015602351961370065,1.0,118,0,56,close
5679,428,21,4,0.5630914826498423,0.4751381215469613,0.459375,3,1,1.0,0.6274509803921569,0.00015602351961370065,0.2745098039215686,0.00015602351961370065,1.0,1200,0,43,close
5679,428,21,4,0.5615141955835962,0.4751381215469613,1.0,3,2,1.0,0.4,0.393477898753242,-0.2,0.393477898753242,1.0,1200,0,43,close
5679,428,14,1,0.5317460317460317,0.2752808988764045,0.2142857142857142,2,3,-1.0,0.2840909090909091,0.393477898753242,-0.3977272727272727,0.393477898753242,-1.0,1166,0,161,open
5679,428,14,1,0.4365079365079365,0.2752808988764045,0.1304347826086956,2,3,-1.0,0.2840909090909091,0.393477898753242,-0.3977272727272727,0.393477898753242,-1.0,1166,0,161,open
4597,105,4,9,0.9583333333333334,0.6923076923076923,0.3875,3,1,1.0,0.6274509803921569,0.00015602351961370065,0.2745098039215686,0.00015602351961370065,1.0,3986,0,142,close
4597,105,41,9,0.6237113402061856,0.1670533642691415,1.0,3,3,-1.0,0.4,0.393477898753242,-0.2,0.393477898753242,-1.0,5795,0,487,open
11338,2853,7,5,0.9419354838709676,0.1478260869565217,0.3,8,3,1.0,0.2840909090909091,0.393477898753242,-0.3977272727272727,0.393477898753242,1.0,6881,0,132,close
11338,2853,7,5,0.864516129032258,0.1478260869565217,0.3,8,3,1.0,0.2840909090909091,0.393477898753242,-0.3977272727272727,0.393477898753242,1.0,6881,0,132,close
11360,2856,7,5,0.948051948051948,0.1491228070175438,0.3,8,3,1.0,0.2840909090909091,0.393477898753242,-0.3977272727272727,0.393477898753242,1.0,6608,0,153,close
11360,2856,7,5,0.8701298701298701,0.1491228070175438,0.3,8,3,1.0,0.2840909090909091,0.393477898753242,-0.3977272727272727,0.393477898753242,1.0,6608,0,153,close
11398,2860,6,5,0.945945945945946,0.29,0.3,8,3,1.0,0.2840909090909091,0.393477898753242,-0.3977272727272727,0.393477898753242,1.0,6915,0,216,close
11398,2860,6,5,0.8648648648648649,0.29,0.3,8,3,1.0,0.2840909090909091,0.393477898753242,-0.3977272727272727,0.393477898753242,1.0,6915,0,216,close
11389,2859,8,5,0.8947368421052632,0.1739130434782608,0.2307692307692307,8,3,1.0,0.2840909090909091,0.393477898753242,-0.3977272727272727,0.393477898753242,1.0,6881,0,183,close
11389,2859,8,5,0.7960526315789473,0.1739130434782608,0.2307692307692307,8,3,1.0,0.2840909090909091,0.393477898753242,-0.3977272727272727,0.393477898753242,1.0,6881,0,183,close
11271,2820,15,21,0.9793650793650792,0.3256880733944954,0.25,7,2,1.0,1.0,0.0394444444444444,1.0,0.0394444444444444,1.0,3986,0,393,close
11446,2874,7,21,0.4484848484848485,0.3846153846153846,0.5,7,1,1.0,0.5333333333333333,0.393477898753242,0.2666666666666666,0.393477898753242,1.0,3366,0,124,close
11378,2858,9,21,0.5526315789473685,0.2564102564102564,0.5,7,3,1.0,0.3333333333333333,0.393477898753242,-0.3333333333333333,0.393477898753242,1.0,5795,0,129,close
4680,152,3,21,0.9148148148148147,0.6326530612244898,0.2037037037037037,7,2,1.0,0.8571428571428571,0.0718939203208037,0.7142857142857143,0.0718939203208037,1.0,3986,0,93,close
11419,2866,3,21,0.6829268292682927,0.3164556962025316,1.0,7,2,1.0,0.5333333333333333,0.393477898753242,0.2666666666666666,0.393477898753242,1.0,3986,0,23,close
11419,2866,3,21,0.8699186991869918,0.3164556962025316,0.3846153846153846,7,3,1.0,0.5333333333333333,0.393477898753242,0.2666666666666666,0.393477898753242,1.0,3986,0,23,close
11446,2874,4,21,0.8120300751879699,0.3146067415730337,1.0,7,3,1.0,0.5,0.0718939203208037,0.0,0.0718939203208037,1.0,3986,0,133,close
8465,1820,28,4,0.6055045871559633,0.3027522935779816,0.6666666666666666,6,2,1.0,0.3,0.1904223238548872,-0.4,0.1904223238548872,1.0,3986,1,7,close
8465,1820,28,4,0.4984709480122324,0.3027522935779816,0.8,6,3,1.0,0.1694915254237288,0.393477898753242,-0.6271186440677966,0.393477898753242,1.0,3986,1,7,close
8465,1820,28,4,0.6850152905198776,0.3027522935779816,0.3636363636363636,6,3,1.0,0.1694915254237288,0.393477898753242,-0.6271186440677966,0.393477898753242,1.0,3986,1,7,close
8465,1820,28,4,0.4342507645259938,0.3027522935779816,0.1818181818181818,6,3,1.0,0.1694915254237288,0.393477898753242,-0.6271186440677966,0.393477898753242,1.0,3986,1,7,close
8465,1820,28,4,0.7584097859327217,0.3027522935779816,0.2,6,3,1.0,0.1694915254237288,0.393477898753242,-0.6271186440677966,0.393477898753242,1.0,3986,1,7,close
11360,2856,12,4,0.6208791208791209,0.2366412213740458,1.0,6,3,1.0,0.4,0.393477898753242,-0.2,0.393477898753242,1.0,3986,1,58,close
10175,2366,12,7,0.7625,0.9090909090909092,0.6666666666666666,2,3,0.5,0.45,0.0718939203208037,-0.1,0.0718939203208037,1.0,6954,0,89,close
10175,2366,12,7,0.8083333333333333,0.9090909090909092,0.6666666666666666,2,3,0.5,0.45,0.0718939203208037,-0.1,0.0718939203208037,1.0,6954,0,89,close
4681,152,7,1,0.970873786407767,0.4262295081967213,0.6,2,3,1.0,0.2840909090909091,0.393477898753242,-0.3977272727272727,0.393477898753242,1.0,3986,0,40,close
4681,152,7,1,0.9029126213592232,0.4262295081967213,0.6,2,3,1.0,0.2840909090909091,0.393477898753242,-0.3977272727272727,0.393477898753242,1.0,3986,0,40,close
7546,1246,3,21,0.1772486772486772,0.25,0.125,24,1,1.0,0.6274509803921569,0.00015602351961370065,0.2745098039215686,0.00015602351961370065,1.0,9091,11,677,close
7546,1246,3,21,0.9007936507936508,0.25,1.0,24,1,1.0,1.0,0.1492753217010929,1.0,0.1492753217010929,1.0,2585,11,677,close
10273,2574,36,21,0.5425855513307984,0.4252491694352159,1.0,24,3,0.0,0.3333333333333333,0.0394444444444444,-0.3333333333333333,0.0394444444444444,-0.3333333333333333,8918,11,1493,open
10273,2574,36,21,0.5158428390367553,0.4252491694352159,1.0,24,3,0.0,0.3333333333333333,0.0394444444444444,-0.3333333333333333,0.0394444444444444,-0.3333333333333333,8918,11,1493,open
10273,2574,36,21,0.4334600760456273,0.4252491694352159,1.0,24,3,-1.0,0.4,0.393477898753242,-0.2,0.393477898753242,-0.3333333333333333,5795,11,1493,open
10273,2574,36,21,0.1121673003802281,0.4252491694352159,1.0,24,3,0.0,0.8813559322033898,0.393477898753242,0.7627118644067796,0.393477898753242,-0.3333333333333333,8918,11,1493,open
10273,2574,36,21,0.6977186311787072,0.4252491694352159,1.0,24,3,0.0,0.7096774193548387,0.1492753217010929,0.4193548387096774,0.1492753217010929,-0.3333333333333333,3382,11,1493,open
11540,2910,4,21,0.6111111111111112,0.76,1.0,24,3,0.0,0.8813559322033898,0.393477898753242,0.7627118644067796,0.393477898753242,-1.0,9282,11,62,open
8465,1820,4,21,0.4042553191489361,1.075,1.0,24,3,0.0,0.8813559322033898,0.393477898753242,0.7627118644067796,0.393477898753242,1.0,8322,11,101,open
4849,215,18,21,0.1707317073170731,0.4702380952380952,1.0,24,3,0.0,0.8813559322033898,0.393477898753242,0.7627118644067796,0.393477898753242,0.0,8457,11,97,open
4849,215,18,21,0.445993031358885,0.4702380952380952,0.7857142857142857,24,3,-0.3333333333333333,0.5333333333333333,0.393477898753242,0.2666666666666666,0.393477898753242,0.0,1844,11,97,open
4849,215,18,21,0.4216027874564459,0.4702380952380952,1.0,24,3,-0.3333333333333333,0.5333333333333333,0.393477898753242,0.2666666666666666,0.393477898753242,0.0,3986,11,97,close
4849,215,18,21,0.4355400696864111,0.4702380952380952,0.2678571428571428,24,3,-0.3333333333333333,0.5333333333333333,0.393477898753242,0.2666666666666666,0.393477898753242,0.0,1844,11,97,open
12991,3528,12,21,0.1852791878172588,0.6325581395348837,1.0,24,3,0.0,0.8813559322033898,0.393477898753242,0.7627118644067796,0.393477898753242,0.6,8512,11,255,open
12991,3528,12,21,0.3223350253807107,0.6325581395348837,0.7142857142857143,24,3,1.0,0.5333333333333333,0.393477898753242,0.2666666666666666,0.393477898753242,0.6,3854,11,255,close
12991,3528,12,21,0.9137055837563453,0.6325581395348837,0.1176470588235294,24,3,1.0,0.5333333333333333,0.393477898753242,0.2666666666666666,0.393477898753242,0.6,3854,11,255,close
12991,3528,12,21,0.8781725888324873,0.6325581395348837,0.8181818181818182,24,3,1.0,0.5333333333333333,0.393477898753242,0.2666666666666666,0.393477898753242,0.6,3854,11,255,close
9761,2249,7,3,0.5825242718446602,0.76,0.75,2,3,-1.0,0.2840909090909091,0.393477898753242,-0.3977272727272727,0.393477898753242,-1.0,3986,0,29,open
9761,2249,7,3,0.7864077669902912,0.76,0.75,2,3,-1.0,0.2840909090909091,0.393477898753242,-0.3977272727272727,0.393477898753242,-1.0,8322,0,29,open
9281,2091,9,4,0.6597222222222222,0.2424242424242424,1.0,1,3,0.0,0.7096774193548387,0.1492753217010929,0.4193548387096774,0.1492753217010929,1.0,3989,0,21,close
11540,2910,7,6,0.3803921568627451,0.2022471910112359,0.12,2,3,-1.0,0.2840909090909091,0.393477898753242,-0.3977272727272727,0.393477898753242,-1.0,3989,3,118,open
11540,2910,7,6,0.5372549019607843,0.2022471910112359,0.4285714285714285,2,3,-1.0,0.2840909090909091,0.393477898753242,-0.3977272727272727,0.393477898753242,-1.0,3989,3,118,open
6158,564,5,35,0.9069767441860463,0.2440944881889764,0.28,18,3,1.0,1.0,0.0718939203208037,1.0,0.0718939203208037,1.0,1679,0,135,close
6158,564,5,35,0.7616279069767442,0.2440944881889764,0.1538461538461538,18,3,1.0,1.0,0.0718939203208037,1.0,0.0718939203208037,1.0,1679,0,135,close
6158,564,5,35,0.4244186046511627,0.2440944881889764,0.046875,18,3,1.0,1.0,0.0718939203208037,1.0,0.0718939203208037,1.0,1679,0,135,close
13761,3976,9,35,0.291044776119403,0.3809523809523809,1.0,18,3,0.0,0.8813559322033898,0.393477898753242,0.7627118644067796,0.393477898753242,1.0,9282,0,196,open
13761,3976,9,35,0.3070866141732283,0.4473684210526316,1.0,18,3,0.0,0.2840909090909091,0.393477898753242,-0.3977272727272727,0.393477898753242,-1.0,9282,0,203,open
13761,3976,5,35,0.4729729729729729,0.4761904761904761,1.0,18,3,0.0,0.8813559322033898,0.393477898753242,0.7627118644067796,0.393477898753242,1.0,9282,0,99,open
8465,1820,6,35,0.388235294117647,0.392156862745098,1.0,18,3,0.0,0.8813559322033898,0.393477898753242,0.7627118644067796,0.393477898753242,1.0,9282,0,42,open
11856,3027,112,35,0.520415738678545,0.7549167927382754,1.0,18,1,1.0,0.6274509803921569,0.00015602351961370065,0.2745098039215686,0.00015602351961370065,0.2,1568,0,755,close
11856,3027,112,35,0.48181143281366,0.7549167927382754,1.0,18,1,1.0,0.6274509803921569,0.00015602351961370065,0.2745098039215686,0.00015602351961370065,0.2,2738,0,755,close
11856,3027,112,35,0.4966592427616926,0.7549167927382754,1.0,18,1,1.0,0.6274509803921569,0.00015602351961370065,0.2745098039215686,0.00015602351961370065,0.2,2738,0,755,close
11856,3027,112,35,0.5085374907201188,0.7549167927382754,0.6666666666666666,18,2,-1.0,0.3,0.1904223238548872,-0.4,0.1904223238548872,0.2,8791,0,755,open
11856,3027,112,35,0.2190051967334818,0.7549167927382754,0.6666666666666666,18,3,-0.5,0.45,0.0718939203208037,-0.1,0.0718939203208037,0.2,8791,0,755,open
11981,3206,72,35,0.6216867469879518,0.3164300202839756,0.631578947368421,18,3,1.0,1.0,0.0718939203208037,1.0,0.0718939203208037,1.0,5249,0,485,close
8465,1820,1,35,0.8979591836734694,0.5384615384615384,1.0,18,3,-1.0,0.4,0.393477898753242,-0.2,0.393477898753242,-1.0,5795,0,58,open
10182,2366,10,35,0.2567567567567567,0.8382352941176471,1.0,18,3,0.0,0.8813559322033898,0.393477898753242,0.7627118644067796,0.393477898753242,1.0,6733,0,136,open
9109,2058,18,14,0.5503089143865842,0.3355263157894737,1.0,8,3,-1.0,0.3333333333333333,0.393477898753242,-0.3333333333333333,0.393477898753242,-1.0,3986,0,1053,open
9109,2058,18,14,0.145631067961165,0.3355263157894737,1.0,8,3,-1.0,0.2857142857142857,0.393477898753242,-0.4285714285714285,0.393477898753242,-1.0,4475,0,1053,open
9796,2259,27,14,0.8610662358642972,0.4841269841269841,0.7777777777777778,8,1,-1.0,0.6274509803921569,0.00015602351961370065,0.2745098039215686,0.00015602351961370065,-0.6,3986,0,1467,open
9796,2259,27,14,0.8804523424878837,0.4841269841269841,0.7777777777777778,8,1,-1.0,0.6274509803921569,0.00015602351961370065,0.2745098039215686,0.00015602351961370065,-0.6,3986,0,1467,open
9796,2259,27,14,0.1631663974151858,0.4841269841269841,1.0,8,2,-1.0,0.2857142857142857,0.393477898753242,-0.4285714285714285,0.393477898753242,-0.6,4928,0,1467,open
9796,2259,27,14,0.1421647819063005,0.4841269841269841,1.0,8,3,-1.0,0.2857142857142857,0.393477898753242,-0.4285714285714285,0.393477898753242,-0.6,1442,0,1467,open
9796,2259,27,14,0.1340872374798061,0.4841269841269841,1.0,8,3,0.0,0.7096774193548387,0.1492753217010929,0.4193548387096774,0.1492753217010929,-0.6,9282,0,1467,open
11981,3206,7,14,0.8267716535433071,0.4615384615384615,0.2857142857142857,8,3,-1.0,0.2857142857142857,0.393477898753242,-0.4285714285714285,0.393477898753242,-1.0,4123,0,123,open
7860,1416,5,14,0.7131782945736435,0.367816091954023,0.275,1,3,-1.0,0.3333333333333333,0.393477898753242,-0.3333333333333333,0.393477898753242,-1.0,1528,0,131,open
11952,3186,30,2,0.7541899441340782,0.598705501618123,0.75,4,1,-1.0,0.6274509803921569,0.00015602351961370065,0.2745098039215686,0.00015602351961370065,-1.0,3986,0,433,open
11952,3186,30,2,0.8081936685288641,0.598705501618123,0.75,4,1,-1.0,0.6274509803921569,0.00015602351961370065,0.2745098039215686,0.00015602351961370065,-1.0,3986,0,433,open
11952,3186,30,2,0.2439478584729981,0.598705501618123,0.6666666666666666,4,3,-0.5,0.45,0.0718939203208037,-0.1,0.0718939203208037,-1.0,7473,0,433,open
11952,3186,30,2,0.904096834264432,0.598705501618123,0.2708333333333333,4,2,-1.0,0.75,0.393477898753242,0.5,0.393477898753242,-1.0,3986,0,433,open
6287,584,3,29,0.96,0.8695652173913043,0.6666666666666666,4,2,-1.0,0.3,0.1904223238548872,-0.4,0.1904223238548872,-1.0,1787,0,5,open
11409,2862,17,29,0.7363344051446945,0.1475409836065573,1.0,4,3,1.0,0.4,0.393477898753242,-0.2,0.393477898753242,1.0,3262,0,232,close
7546,1246,20,29,0.1800766283524904,0.3801169590643274,1.0,4,3,0.0,0.8813559322033898,0.393477898753242,0.7627118644067796,0.393477898753242,1.0,8157,0,479,open
11389,2859,22,23,0.2222222222222222,0.712,1.0,10,1,0.0,1.0,0.1904223238548872,1.0,0.1904223238548872,1.0,6591,5,372,close
8149,1588,21,23,0.3112582781456953,0.2736842105263158,1.0,10,1,0.0,1.0,0.1904223238548872,1.0,0.1904223238548872,1.0,6873,5,218,close
8149,1588,21,23,0.3642384105960264,0.2736842105263158,1.0,10,1,0.0,1.0,0.1904223238548872,1.0,0.1904223238548872,1.0,6717,5,218,close
11198,2796,18,23,0.3106382978723404,0.5474452554744526,0.6666666666666666,10,3,1.0,0.1666666666666666,0.393477898753242,-0.6666666666666666,0.393477898753242,0.0,3359,5,121,close
11412,2862,14,23,0.44,0.5,1.0,10,3,0.0,0.8813559322033898,0.393477898753242,0.7627118644067796,0.393477898753242,1.0,6919,5,122,close
7480,1223,19,23,0.1814159292035398,0.6239316239316239,1.0,10,3,0.0,0.8813559322033898,0.393477898753242,0.7627118644067796,0.393477898753242,1.0,6899,5,204,close
13761,3976,29,23,0.1524163568773234,0.448051948051948,1.0,10,3,0.0,0.8813559322033898,0.393477898753242,0.7627118644067796,0.393477898753242,0.0,9282,5,190,open
13761,3976,29,23,0.4981412639405204,0.448051948051948,0.75,10,1,-1.0,0.5333333333333333,0.393477898753242,0.2666666666666666,0.393477898753242,0.0,7264,5,190,open
13761,3976,15,26,0.2317880794701986,0.8571428571428571,1.0,10,1,0.0,0.4285714285714285,0.0718939203208037,0.2142857142857142,0.0718939203208037,0.0,9282,0,150,open
8720,1908,27,18,0.6418269230769231,0.3620071684587813,1.0,13,3,-1.0,0.4,0.393477898753242,-0.2,0.393477898753242,-1.0,5795,0,412,open
8720,1908,27,18,0.7548076923076923,0.3620071684587813,1.0,13,3,-1.0,0.4,0.393477898753242,-0.2,0.393477898753242,-1.0,2045,0,412,open
8720,1908,27,18,0.8365384615384616,0.3620071684587813,1.0,13,3,-1.0,0.4,0.393477898753242,-0.2,0.393477898753242,-1.0,2045,0,412,open
12416,3425,23,18,0.3789954337899543,0.3623188405797101,0.5,13,3,-1.0,0.0,0.393477898753242,-1.0,0.393477898753242,-1.0,3331,0,184,open
12416,3425,23,18,0.410958904109589,0.3623188405797101,0.6,13,3,-1.0,0.0,0.393477898753242,-1.0,0.393477898753242,-1.0,3331,0,184,open
12416,3425,23,18,0.3242009132420091,0.3623188405797101,0.6,13,3,-1.0,0.0,0.393477898753242,-1.0,0.393477898753242,-1.0,3331,0,184,open
12416,3425,23,18,0.3515981735159817,0.3623188405797101,0.6,13,3,-1.0,0.0,0.393477898753242,-1.0,0.393477898753242,-1.0,3331,0,184,open
12416,3425,23,18,0.6940639269406392,0.3623188405797101,1.0,13,3,-1.0,0.4,0.393477898753242,-0.2,0.393477898753242,-1.0,5795,0,184,open
13509,3741,19,18,0.711864406779661,0.2796610169491525,1.0,13,3,-1.0,0.4,0.393477898753242,-0.2,0.393477898753242,-1.0,5795,0,219,open
7480,1223,27,26,0.1653846153846153,0.8869565217391304,1.0,10,3,0.0,0.8813559322033898,0.393477898753242,0.7627118644067796,0.393477898753242,0.0,3001,0,185,open
8674,1888,18,26,0.5521739130434783,0.8,0.9,10,3,-1.0,0.1694915254237288,0.393477898753242,-0.6271186440677966,0.393477898753242,-1.0,9030,0,420,open
8674,1888,18,26,0.417391304347826,0.8,0.9,10,3,-1.0,0.1694915254237288,0.393477898753242,-0.6271186440677966,0.393477898753242,-1.0,9030,0,420,open
7485,1223,41,26,0.0725274725274725,0.3046251993620414,1.0,10,1,0.0,0.4285714285714285,0.0718939203208037,0.2142857142857142,0.0718939203208037,0.0,9282,0,480,open
13509,3741,30,26,0.7110726643598616,0.5370919881305638,0.3571428571428571,10,3,-1.0,0.1694915254237288,0.393477898753242,-0.6271186440677966,0.393477898753242,-1.0,960,0,1244,open
13509,3741,30,26,0.6626297577854672,0.5370919881305638,0.25,10,3,-1.0,0.1694915254237288,0.393477898753242,-0.6271186440677966,0.393477898753242,-1.0,960,0,1244,open
7480,1223,12,4,0.9510869565217392,0.1428571428571428,0.75,3,3,-1.0,0.2840909090909091,0.393477898753242,-0.3977272727272727,0.393477898753242,-1.0,3001,0,2,open
7032,927,3,4,0.6666666666666666,0.85,1.0,3,3,0.0,0.8813559322033898,0.393477898753242,0.7627118644067796,0.393477898753242,-1.0,2553,0,3,open
7032,927,3,4,0.6666666666666666,0.85,1.0,3,3,0.0,0.8813559322033898,0.393477898753242,0.7627118644067796,0.393477898753242,-1.0,2553,0,3,open
7726,1335,1,20,0.4912280701754385,0.5294117647058824,1.0,10,3,0.0,0.8813559322033898,0.393477898753242,0.7627118644067796,0.393477898753242,1.0,3247,0,11,open
10833,2666,2,20,0.4307692307692308,0.5675675675675675,1.0,10,3,0.0,0.8813559322033898,0.393477898753242,0.7627118644067796,0.393477898753242,1.0,6354,0,83,open
8468,1820,8,20,0.3513513513513513,1.6388888888888888,1.0,10,3,0.0,0.8813559322033898,0.393477898753242,0.7627118644067796,0.393477898753242,1.0,9282,0,121,open
8468,1820,2,20,0.7209302325581395,1.6428571428571428,1.0,10,3,0.0,0.8813559322033898,0.393477898753242,0.7627118644067796,0.393477898753242,1.0,9282,0,74,open
7725,1335,1,20,0.543859649122807,0.5625,1.0,10,3,0.0,0.8813559322033898,0.393477898753242,0.7627118644067796,0.393477898753242,1.0,3246,0,46,open
4601,105,6,20,0.0794871794871794,0.1728395061728395,1.0,10,3,0.0,0.8813559322033898,0.393477898753242,0.7627118644067796,0.393477898753242,1.0,1602,0,56,open
7861,1416,4,20,0.6231884057971014,1.4166666666666667,1.0,10,3,0.0,0.8813559322033898,0.393477898753242,0.7627118644067796,0.393477898753242,1.0,9282,0,106,open
7861,1416,12,20,0.1666666666666666,0.7567567567567568,1.0,10,3,0.0,0.8813559322033898,0.393477898753242,0.7627118644067796,0.393477898753242,0.0,7332,0,211,open
7861,1416,12,20,0.3310810810810811,0.7567567567567568,1.0,10,3,0.0,0.3333333333333333,0.0394444444444444,-0.3333333333333333,0.0394444444444444,0.0,122,0,211,open
7861,1416,2,20,0.7045454545454546,1.6428571428571428,1.0,10,3,0.0,0.8813559322033898,0.393477898753242,0.7627118644067796,0.393477898753242,1.0,9282,0,75,open
6081,547,13,6,0.4897435897435897,0.8953488372093024,0.35,3,3,-1.0,0.2840909090909091,0.393477898753242,-0.3977272727272727,0.393477898753242,-1.0,1602,0,144,open
7861,1416,8,6,0.7686567164179104,0.9333333333333332,0.75,3,3,-1.0,0.2840909090909091,0.393477898753242,-0.3977272727272727,0.393477898753242,-1.0,8752,0,131,open
7861,1416,8,6,0.6865671641791045,0.9333333333333332,0.75,3,3,-1.0,0.2840909090909091,0.393477898753242,-0.3977272727272727,0.393477898753242,-1.0,8752,0,131,open
7485,1223,5,46,0.3488372093023256,0.2234042553191489,1.0,20,3,0.0,0.8813559322033898,0.393477898753242,0.7627118644067796,0.393477898753242,1.0,4129,5,35,open
10399,2598,2,46,0.5042735042735043,0.3055555555555556,0.5,20,1,1.0,0.6274509803921569,0.00015602351961370065,0.2745098039215686,0.00015602351961370065,0.0,5920,5,167,close
10399,2598,2,46,0.7264957264957265,0.3055555555555556,1.0,20,1,-1.0,0.6274509803921569,0.00015602351961370065,0.2745098039215686,0.00015602351961370065,0.0,2956,5,167,open
9608,2200,21,46,0.1316725978647686,0.3555555555555555,1.0,20,3,0.0,0.8813559322033898,0.393477898753242,0.7627118644067796,0.393477898753242,1.0,5129,5,149,open
9869,2297,15,46,0.4307116104868914,0.2727272727272727,0.5,20,3,-1.0,0.2840909090909091,0.393477898753242,-0.3977272727272727,0.393477898753242,-1.0,4241,5,36,open
4870,218,4,46,0.7319587628865979,0.34375,1.0,20,3,-1.0,0.5,0.0718939203208037,0.0,0.0718939203208037,-1.0,391,5,71,open
4870,218,4,46,0.4742268041237113,0.34375,0.6666666666666666,20,2,-1.0,0.3,0.1904223238548872,-0.4,0.1904223238548872,-1.0,391,5,71,open
8674,1888,69,46,0.9969879518072288,0.7404795486600846,1.0,20,3,1.0,0.5,0.0718939203208037,0.0,0.0718939203208037,0.5,9282,5,379,close
8674,1888,69,46,0.5903614457831325,0.7404795486600846,1.0,20,1,1.0,1.0,0.1492753217010929,1.0,0.1492753217010929,0.5,8784,5,379,close
8674,1888,69,46,0.6242469879518072,0.7404795486600846,0.4,20,1,1.0,1.0,0.1492753217010929,1.0,0.1492753217010929,0.5,3986,5,379,close
8674,1888,69,46,0.6091867469879518,0.7404795486600846,0.631578947368421,20,1,1.0,1.0,0.1492753217010929,1.0,0.1492753217010929,0.5,8784,5,379,close
8674,1888,69,46,0.4623493975903614,0.7404795486600846,0.2413793103448276,20,1,-1.0,0.6274509803921569,0.00015602351961370065,0.2745098039215686,0.00015602351961370065,0.5,693,5,379,open
8674,1888,69,46,0.9856927710843374,0.7404795486600846,0.5,20,1,1.0,1.0,0.1492753217010929,1.0,0.1492753217010929,0.5,755,5,379,close
8674,1888,69,46,0.4759036144578313,0.7404795486600846,0.9310344827586208,20,3,-1.0,0.4,0.393477898753242,-0.2,0.393477898753242,0.5,3986,5,379,open
8674,1888,69,46,0.6106927710843374,0.7404795486600846,1.0,20,3,1.0,0.4,0.393477898753242,-0.2,0.393477898753242,0.5,9282,5,379,close
4849,215,11,46,0.6647058823529411,0.4085365853658536,1.0,20,1,1.0,0.6274509803921569,0.00015602351961370065,0.2745098039215686,0.00015602351961370065,1.0,1004,5,98,close
4849,215,11,46,0.2509803921568627,0.4085365853658536,1.0,20,3,0.0,0.8813559322033898,0.393477898753242,0.7627118644067796,0.393477898753242,1.0,3255,5,98,open
4849,215,6,46,0.2939759036144578,0.8300970873786407,1.0,20,3,0.0,0.7096774193548387,0.1492753217010929,0.4193548387096774,0.1492753217010929,-1.0,8961,5,182,open
13761,3976,11,46,0.7610921501706485,0.6776315789473685,1.0,20,3,-1.0,0.4,0.393477898753242,-0.2,0.393477898753242,-1.0,9282,5,515,open
8465,1820,12,1,0.5428571428571428,0.4794520547945205,0.8571428571428571,2,3,1.0,0.3333333333333333,0.393477898753242,-0.3333333333333333,0.393477898753242,1.0,5795,0,199,close
8465,1820,12,1,0.9836734693877552,0.4794520547945205,0.8461538461538461,2,3,1.0,0.3333333333333333,0.393477898753242,-0.3333333333333333,0.393477898753242,1.0,5795,0,199,close
7548,1246,6,99,0.3064516129032258,0.2560975609756097,1.0,99,3,0.0,0.8813559322033898,0.393477898753242,0.7627118644067796,0.393477898753242,1.0,9282,3,180,open
7548,1246,37,99,0.4220183486238532,0.3962264150943396,0.6666666666666666,99,2,-1.0,0.3,0.1904223238548872,-0.4,0.1904223238548872,-1.0,1550,3,326,open
7548,1246,37,99,0.4380733944954128,0.3962264150943396,0.6666666666666666,99,2,-1.0,0.1052631578947368,0.1904223238548872,-0.7894736842105263,0.1904223238548872,-1.0,1550,3,326,open
7548,1246,37,99,0.2821100917431192,0.3962264150943396,0.6666666666666666,99,2,-1.0,0.1052631578947368,0.1904223238548872,-0.7894736842105263,0.1904223238548872,-1.0,6852,3,326,open
7548,1246,37,99,0.3555045871559633,0.3962264150943396,0.6666666666666666,99,2,-1.0,0.1052631578947368,0.1904223238548872,-0.7894736842105263,0.1904223238548872,-1.0,1232,3,326,open
7548,1246,37,99,0.3371559633027522,0.3962264150943396,0.6666666666666666,99,2,-1.0,0.1052631578947368,0.1904223238548872,-0.7894736842105263,0.1904223238548872,-1.0,6852,3,326,open
8477,1829,5,99,0.3875,0.4285714285714285,1.0,99,3,0.0,0.8813559322033898,0.393477898753242,0.7627118644067796,0.393477898753242,1.0,3998,3,5,open
10273,2574,6,99,0.367816091954023,0.46,1.0,99,3,0.0,0.8813559322033898,0.393477898753242,0.7627118644067796,0.393477898753242,1.0,6206,3,107,open
7548,1246,9,99,0.2571428571428571,0.1666666666666666,1.0,99,3,0.0,0.8813559322033898,0.393477898753242,0.7627118644067796,0.393477898753242,1.0,3221,3,127,open
12159,3324,13,99,0.2016460905349794,0.8260869565217391,1.0,99,3,0.0,0.8813559322033898,0.393477898753242,0.7627118644067796,0.393477898753242,0.0,7680,3,73,close
7624,1293,5,99,0.4848484848484848,0.7272727272727273,1.0,99,3,0.0,0.4285714285714285,0.0718939203208037,0.2142857142857142,0.0718939203208037,0.0,3145,3,1,open
4850,215,20,99,0.1228448275862068,0.6952789699570815,1.0,99,3,0.0,0.8813559322033898,0.393477898753242,0.7627118644067796,0.393477898753242,0.0,9282,3,275,open
7624,1293,5,99,0.4848484848484848,0.7272727272727273,1.0,99,3,0.0,0.4285714285714285,0.0718939203208037,0.2142857142857142,0.0718939203208037,0.0,3145,3,1,open
4850,215,5,99,0.4545454545454545,0.4772727272727273,1.0,99,3,0.0,0.8813559322033898,0.393477898753242,0.7627118644067796,0.393477898753242,1.0,3255,3,54,open
11089,2778,19,99,0.3831417624521073,0.4591194968553459,0.6666666666666666,99,2,-1.0,0.1052631578947368,0.1904223238548872,-0.7894736842105263,0.1904223238548872,-1.0,6610,3,339,open
11089,2778,19,99,0.4444444444444444,0.4591194968553459,0.6666666666666666,99,2,-1.0,0.1052631578947368,0.1904223238548872,-0.7894736842105263,0.1904223238548872,-1.0,6610,3,339,open
11089,2778,19,99,0.4597701149425287,0.4591194968553459,0.6666666666666666,99,2,-1.0,0.1052631578947368,0.1904223238548872,-0.7894736842105263,0.1904223238548872,-1.0,6610,3,339,open
4850,215,17,99,0.7956043956043956,0.2866449511400651,0.75,99,3,-1.0,0.2840909090909091,0.393477898753242,-0.3977272727272727,0.393477898753242,-0.6666666666666666,3989,3,1527,open
4850,215,17,99,0.8461538461538461,0.2866449511400651,0.2,99,3,-1.0,0.2840909090909091,0.393477898753242,-0.3977272727272727,0.393477898753242,-0.6666666666666666,3989,3,1527,open
4850,215,17,99,0.7362637362637363,0.2866449511400651,0.3157894736842105,99,3,-1.0,0.1666666666666666,0.393477898753242,-0.6666666666666666,0.393477898753242,-0.6666666666666666,3989,3,1527,open
4850,215,17,99,0.2549450549450549,0.2866449511400651,0.4285714285714285,99,3,-1.0,0.1666666666666666,0.393477898753242,-0.6666666666666666,0.393477898753242,-0.6666666666666666,3949,3,1527,open
4850,215,17,99,0.1428571428571428,0.2866449511400651,1.0,99,3,0.0,0.8813559322033898,0.393477898753242,0.7627118644067796,0.393477898753242,-0.6666666666666666,9282,3,1527,open
4850,215,17,99,0.2813186813186813,0.2866449511400651,1.0,99,3,-1.0,0.1666666666666666,0.393477898753242,-0.6666666666666666,0.393477898753242,-0.6666666666666666,3949,3,1527,open
12277,3396,11,99,0.2535885167464115,0.3565891472868217,1.0,99,2,0.0,1.0,0.1492753217010929,1.0,0.1492753217010929,1.0,689,3,28,close
12277,3396,11,99,0.2392344497607655,0.3565891472868217,1.0,99,2,0.0,1.0,0.1492753217010929,1.0,0.1492753217010929,1.0,689,3,28,close
7485,1223,15,99,0.2564102564102564,0.4464285714285714,1.0,99,3,0.0,0.8813559322033898,0.393477898753242,0.7627118644067796,0.393477898753242,1.0,7798,3,171,close
9655,2217,17,99,0.8984375,0.582089552238806,0.6666666666666666,99,2,1.0,0.4,0.0718939203208037,-0.2,0.0718939203208037,1.0,3986,3,106,close
9655,2217,17,99,0.75,0.582089552238806,0.6666666666666666,99,3,0.5,0.45,0.0718939203208037,-0.1,0.0718939203208037,1.0,3986,3,106,close
9655,2217,17,99,0.78125,0.582089552238806,0.6666666666666666,99,3,0.5,0.45,0.0718939203208037,-0.1,0.0718939203208037,1.0,3986,3,106,close
9655,2217,17,99,0.8125,0.582089552238806,0.6666666666666666,99,3,0.5,0.45,0.0718939203208037,-0.1,0.0718939203208037,1.0,3986,3,106,close
12277,3396,21,99,0.3413173652694611,0.5287356321839081,1.0,99,3,0.0,0.8813559322033898,0.393477898753242,0.7627118644067796,0.393477898753242,1.0,7798,3,79,close
4850,215,12,99,0.8875968992248062,0.3515151515151515,0.1538461538461538,99,3,1.0,0.3333333333333333,0.393477898753242,-0.3333333333333333,0.393477898753242,1.0,3989,3,176,close
4850,215,12,99,0.5930232558139535,0.3515151515151515,1.0,99,3,0.0,0.7096774193548387,0.1492753217010929,0.4193548387096774,0.1492753217010929,1.0,3382,3,176,open
4641,132,16,99,0.5390070921985816,0.3559322033898305,1.0,99,3,-1.0,0.1694915254237288,0.393477898753242,-0.6271186440677966,0.393477898753242,-1.0,162,3,195,open
4872,218,3,99,0.4827586206896552,0.6896551724137931,1.0,99,3,0.0,0.8813559322033898,0.393477898753242,0.7627118644067796,0.393477898753242,1.0,393,3,1,open
7655,1308,4,99,0.2389937106918239,0.5227272727272727,1.0,99,3,0.0,0.8813559322033898,0.393477898753242,0.7627118644067796,0.393477898753242,1.0,3176,3,118,open
7655,1308,2,99,0.6097560975609756,1.5,1.0,99,3,0.0,0.8813559322033898,0.393477898753242,0.7627118644067796,0.393477898753242,-1.0,3176,3,29,open
7655,1308,4,99,0.2372881355932203,0.3026315789473684,1.0,99,3,0.0,0.8813559322033898,0.393477898753242,0.7627118644067796,0.393477898753242,1.0,3176,3,91,open
7655,1308,15,99,0.6274509803921569,0.3625,1.0,99,3,-1.0,0.1694915254237288,0.393477898753242,-0.6271186440677966,0.393477898753242,-1.0,3176,3,26,open
7655,1308,3,99,0.5319148936170213,1.0,1.0,99,3,0.0,0.8813559322033898,0.393477898753242,0.7627118644067796,0.393477898753242,-1.0,3176,3,34,open
7655,1308,6,99,0.2,0.3605442176870748,1.0,99,3,0.0,0.8813559322033898,0.393477898753242,0.7627118644067796,0.393477898753242,1.0,3176,3,172,open
7205,993,4,99,0.6,0.6666666666666666,1.0,99,3,-1.0,0.4,0.393477898753242,-0.2,0.393477898753242,-1.0,2726,3,92,open
5412,318,33,99,0.8190709046454768,0.3557312252964427,0.6052631578947368,99,2,1.0,1.0,0.1492753217010929,1.0,0.1492753217010929,-0.1111111111111111,176,3,5,close
5412,318,33,99,0.8190709046454768,0.3557312252964427,0.6052631578947368,99,3,1.0,1.0,0.1492753217010929,1.0,0.1492753217010929,-0.1111111111111111,176,3,5,close
5412,318,33,99,0.4400977995110024,0.3557312252964427,0.6666666666666666,99,2,-1.0,0.3,0.1904223238548872,-0.4,0.1904223238548872,-0.1111111111111111,933,3,5,open
5412,318,33,99,0.4572127139364303,0.3557312252964427,0.6666666666666666,99,2,-1.0,0.1052631578947368,0.1904223238548872,-0.7894736842105263,0.1904223238548872,-0.1111111111111111,933,3,5,open
5412,318,33,99,0.293398533007335,0.3557312252964427,0.6666666666666666,99,2,-1.0,0.1052631578947368,0.1904223238548872,-0.7894736842105263,0.1904223238548872,-0.1111111111111111,933,3,5,open
5412,318,33,99,0.3520782396088019,0.3557312252964427,0.6666666666666666,99,2,-1.0,0.1052631578947368,0.1904223238548872,-0.7894736842105263,0.1904223238548872,-0.1111111111111111,933,3,5,open
5412,318,33,99,0.3325183374083129,0.3557312252964427,0.6666666666666666,99,2,-1.0,0.1052631578947368,0.1904223238548872,-0.7894736842105263,0.1904223238548872,-0.1111111111111111,933,3,5,open
5412,318,33,99,0.7946210268948656,0.3557312252964427,1.0,99,2,1.0,1.0,0.393477898753242,1.0,0.393477898753242,-0.1111111111111111,176,3,5,close
5412,318,33,99,0.9095354523227384,0.3557312252964427,1.0,99,2,1.0,1.0,0.1492753217010929,1.0,0.1492753217010929,-0.1111111111111111,176,3,5,close
5412,318,24,99,0.0959079283887468,0.1392190152801358,1.0,99,3,0.0,0.8813559322033898,0.393477898753242,0.7627118644067796,0.393477898753242,-0.6666666666666666,933,3,95,open
5022,290,7,99,0.4235294117647059,1.3666666666666667,1.0,99,2,0.0,0.4285714285714285,0.0718939203208037,0.2142857142857142,0.0718939203208037,0.0,543,3,67,open
7813,1409,5,4,0.4137931034482758,1.55,1.0,0,2,0.0,0.4285714285714285,0.0718939203208037,0.2142857142857142,0.0718939203208037,0.0,3334,0,22,open
5412,318,5,99,0.5223880597014925,1.4782608695652173,1.0,99,2,0.0,0.4285714285714285,0.0718939203208037,0.2142857142857142,0.0718939203208037,0.0,933,3,52,open
7655,1308,15,99,0.5117540687160941,0.1879895561357702,1.0,99,3,1.0,1.0,0.393477898753242,1.0,0.393477898753242,-0.5,3176,3,37,close
7655,1308,15,99,0.3707052441229656,0.1879895561357702,1.0,99,3,-1.0,0.1694915254237288,0.393477898753242,-0.6271186440677966,0.393477898753242,-0.5,3176,3,37,open
7655,1308,15,99,0.6582278481012658,0.1879895561357702,1.0,99,3,-1.0,0.1694915254237288,0.393477898753242,-0.6271186440677966,0.393477898753242,-0.5,3176,3,37,open
7655,1308,15,99,0.6148282097649186,0.1879895561357702,1.0,99,3,-1.0,0.1694915254237288,0.393477898753242,-0.6271186440677966,0.393477898753242,-0.5,3176,3,37,open
7790,1390,11,99,0.4440677966101695,0.25,0.4102564102564102,99,3,-1.0,0.2857142857142857,0.393477898753242,-0.4285714285714285,0.393477898753242,-1.0,3311,3,9,open
7790,1390,11,99,0.9355932203389832,0.25,0.7272727272727273,99,3,-1.0,0.1694915254237288,0.393477898753242,-0.6271186440677966,0.393477898753242,-1.0,3311,3,9,open
7790,1390,11,99,0.447457627118644,0.25,0.4358974358974359,99,3,-1.0,0.1694915254237288,0.393477898753242,-0.6271186440677966,0.393477898753242,-1.0,3311,3,9,open
7790,1390,11,99,0.9322033898305084,0.25,0.6363636363636364,99,3,-1.0,0.1694915254237288,0.393477898753242,-0.6271186440677966,0.393477898753242,-1.0,3311,3,9,open
12277,3396,7,99,0.6568627450980392,0.6538461538461539,0.5317460317460317,99,2,1.0,1.0,0.393477898753242,1.0,0.393477898753242,1.0,5795,3,50,close
8468,1820,16,99,0.7683215130023641,0.6622807017543859,0.64,99,3,1.0,1.0,0.393477898753242,1.0,0.393477898753242,1.0,3989,3,447,close
8468,1820,15,99,0.8529411764705882,0.325,0.2,99,3,1.0,1.0,0.393477898753242,1.0,0.393477898753242,1.0,3989,3,303,close
8468,1820,15,99,0.213235294117647,0.325,1.0,99,2,0.0,1.0,0.1492753217010929,1.0,0.1492753217010929,1.0,9095,3,303,close
11540,2910,15,99,0.1884057971014492,0.1883408071748878,1.0,99,2,0.0,1.0,0.1492753217010929,1.0,0.1492753217010929,1.0,9095,3,236,close
11540,2910,15,99,0.1826086956521739,0.1883408071748878,1.0,99,2,0.0,1.0,0.1492753217010929,1.0,0.1492753217010929,1.0,9095,3,236,close
6029,534,4,99,0.4594594594594595,0.4222222222222222,1.0,99,2,0.0,1.0,0.1904223238548872,1.0,0.1904223238548872,1.0,1550,3,61,close
6029,534,4,99,0.4864864864864865,0.4222222222222222,1.0,99,2,0.0,1.0,0.1904223238548872,1.0,0.1904223238548872,1.0,944,3,61,close
11331,2850,27,99,0.6336302895322939,0.1052631578947368,1.0,99,1,1.0,0.6274509803921569,0.00015602351961370065,0.2745098039215686,0.00015602351961370065,-0.4285714285714285,1621,3,417,close
11331,2850,27,99,0.5434298440979956,0.1052631578947368,0.9090909090909092,99,3,-1.0,0.3333333333333333,0.393477898753242,-0.3333333333333333,0.393477898753242,-0.4285714285714285,5795,3,417,open
11331,2850,27,99,0.1024498886414253,0.1052631578947368,1.0,99,3,0.0,0.8813559322033898,0.393477898753242,0.7627118644067796,0.393477898753242,-0.4285714285714285,6852,3,417,open
5711,449,7,99,0.4666666666666667,1.2424242424242424,1.0,99,2,0.0,0.4285714285714285,0.0718939203208037,0.2142857142857142,0.0718939203208037,0.0,1232,3,67,open
11540,2910,9,99,0.7220708446866485,0.66,1.0,99,1,1.0,0.6274509803921569,0.00015602351961370065,0.2745098039215686,0.00015602351961370065,-0.2,1621,3,192,close
11540,2910,9,99,0.1852861035422343,0.66,1.0,99,3,0.0,0.8813559322033898,0.393477898753242,0.7627118644067796,0.393477898753242,-0.2,9282,3,192,open
10183,2366,9,99,0.959409594095941,0.1840796019900497,0.4090909090909091,99,1,1.0,0.6274509803921569,0.00015602351961370065,0.2745098039215686,0.00015602351961370065,-0.2,3989,3,109,close
10183,2366,9,99,0.2361623616236162,0.1840796019900497,1.0,99,3,0.0,0.8813559322033898,0.393477898753242,0.7627118644067796,0.393477898753242,-0.2,5949,3,109,open
10182,2366,20,46,0.1361702127659574,0.652542372881356,1.0,20,2,0.0,0.4285714285714285,0.0718939203208037,0.2142857142857142,0.0718939203208037,0.0,5942,5,224,open
7861,1416,8,99,0.1785714285714285,0.1538461538461538,1.0,99,3,0.0,0.8813559322033898,0.393477898753242,0.7627118644067796,0.393477898753242,1.0,9282,3,358,open
4850,215,14,99,0.7728337236533958,0.2714776632302405,1.0,99,3,1.0,0.4,0.393477898753242,-0.2,0.393477898753242,0.3333333333333333,9282,3,772,close
4850,215,14,99,0.1592505854800937,0.2714776632302405,1.0,99,3,0.0,0.8813559322033898,0.393477898753242,0.7627118644067796,0.393477898753242,0.3333333333333333,9282,3,772,open
8468,1820,11,99,0.9339622641509434,0.801980198019802,0.4285714285714285,99,3,-1.0,0.2857142857142857,0.393477898753242,-0.4285714285714285,0.393477898753242,-1.0,3989,3,141,open
8465,1820,15,5,0.8022284122562674,1.1788079470198676,0.3636363636363636,2,3,-1.0,0.2840909090909091,0.393477898753242,-0.3977272727272727,0.393477898753242,-1.0,9068,0,266,open
8465,1820,15,5,0.7604456824512534,1.1788079470198676,0.2,2,3,-1.0,0.2840909090909091,0.393477898753242,-0.3977272727272727,0.393477898753242,-1.0,8894,0,266,open
5423,320,1,1,0.9270833333333334,0.3859649122807017,1.0,1,3,-1.0,0.4,0.393477898753242,-0.2,0.393477898753242,-1.0,944,0,67,open
8674,1888,37,9,0.5555555555555556,0.6205128205128205,1.0,12,1,1.0,0.6274509803921569,0.00015602351961370065,0.2745098039215686,0.00015602351961370065,1.0,3398,1,1135,close
8674,1888,37,9,0.6406926406926406,0.6205128205128205,1.0,12,3,1.0,0.4,0.393477898753242,-0.2,0.393477898753242,1.0,5795,1,1135,close
8674,1888,37,9,0.6118326118326118,0.6205128205128205,1.0,12,3,1.0,0.4,0.393477898753242,-0.2,0.393477898753242,1.0,5795,1,1135,close
13194,3581,68,9,0.5678119349005425,1.3867924528301887,0.6,12,1,-1.0,0.4,0.0718939203208037,-0.2,0.0718939203208037,-1.0,8851,1,2009,open
13194,3581,68,9,0.7278481012658228,1.3867924528301887,0.8571428571428571,12,3,-1.0,0.3333333333333333,0.393477898753242,-0.3333333333333333,0.393477898753242,-1.0,8744,1,2009,open
13194,3581,68,9,0.7585895117540687,1.3867924528301887,0.75,12,3,-1.0,0.3333333333333333,0.393477898753242,-0.3333333333333333,0.393477898753242,-1.0,7396,1,2009,open
8720,1908,24,9,0.2851851851851852,0.5189873417721519,0.6,12,2,-1.0,0.4,0.0718939203208037,-0.2,0.0718939203208037,0.0,8744,1,255,open
8720,1908,24,9,0.1555555555555555,0.5189873417721519,1.0,12,3,0.0,0.8813559322033898,0.393477898753242,0.7627118644067796,0.393477898753242,0.0,9206,1,255,open
10179,2366,11,9,0.8348623853211009,0.5245901639344263,0.5,12,3,1.0,1.0,0.393477898753242,1.0,0.393477898753242,1.0,3185,1,318,close
10179,2366,11,9,0.8990825688073395,0.5245901639344263,0.5,12,3,1.0,1.0,0.393477898753242,1.0,0.393477898753242,1.0,3185,1,318,close
10179,2366,11,9,0.963302752293578,0.5245901639344263,0.5,12,3,1.0,1.0,0.393477898753242,1.0,0.393477898753242,1.0,3185,1,318,close
10179,2366,11,9,0.3853211009174312,0.5245901639344263,1.0,12,3,0.0,0.8813559322033898,0.393477898753242,0.7627118644067796,0.393477898753242,1.0,9206,1,318,close
4659,144,33,27,0.8102710413694721,1.0548387096774194,0.8823529411764706,4,3,-1.0,0.1666666666666666,0.393477898753242,-0.6666666666666666,0.393477898753242,-1.0,180,0,2,open
4659,144,33,27,0.7546362339514978,1.0548387096774194,0.8333333333333334,4,2,-1.0,0.0,0.1904223238548872,-1.0,0.1904223238548872,-1.0,180,0,2,open
4659,144,33,27,0.920114122681883,1.0548387096774194,1.0,4,3,0.0,0.0,0.1492753217010929,-1.0,0.1492753217010929,-1.0,180,0,2,open
4659,144,33,27,0.8944365192582026,1.0548387096774194,1.0,4,3,0.0,0.0,0.1492753217010929,-1.0,0.1492753217010929,-1.0,180,0,2,open
13287,3665,10,1,0.6746411483253588,0.794392523364486,0.2758620689655172,2,1,-1.0,0.6274509803921569,0.00015602351961370065,0.2745098039215686,0.00015602351961370065,-1.0,3986,0,363,open
13287,3665,10,1,0.5550239234449761,0.794392523364486,0.2631578947368421,2,1,-1.0,0.6274509803921569,0.00015602351961370065,0.2745098039215686,0.00015602351961370065,-1.0,8228,0,363,open
8674,1888,20,1,0.5124653739612188,0.6446700507614214,1.0,3,3,1.0,0.5,0.0718939203208037,0.0,0.0718939203208037,1.0,3986,0,374,close
8674,1888,20,1,0.5290858725761773,0.6446700507614214,0.6086956521739131,3,1,1.0,0.6274509803921569,0.00015602351961370065,0.2745098039215686,0.00015602351961370065,1.0,8744,0,374,close
8674,1888,20,1,0.5429362880886427,0.6446700507614214,0.8695652173913043,3,1,1.0,0.6274509803921569,0.00015602351961370065,0.2745098039215686,0.00015602351961370065,1.0,8744,0,374,close
7862,1416,16,6,0.3086419753086419,0.7156862745098039,0.2727272727272727,6,2,1.0,0.75,0.393477898753242,0.5,0.393477898753242,1.0,6568,0,1086,close
7862,1416,16,6,0.9761904761904762,0.7156862745098039,0.0961538461538461,6,2,1.0,0.75,0.393477898753242,0.5,0.393477898753242,1.0,8744,0,1086,close
7862,1416,26,6,0.7540322580645161,0.8658536585365854,1.0,6,3,-1.0,0.5,0.0718939203208037,0.0,0.0718939203208037,-1.0,3986,0,26,open
7862,1416,26,6,0.7903225806451613,0.8658536585365854,1.0,6,3,-1.0,0.5,0.0718939203208037,0.0,0.0718939203208037,-1.0,3986,0,26,open
7862,1416,26,6,0.6713709677419355,0.8658536585365854,1.0,6,3,-1.0,0.4,0.393477898753242,-0.2,0.393477898753242,-1.0,5795,0,26,open
7862,1416,26,6,0.5120967741935484,0.8658536585365854,1.0,6,3,-1.0,0.4,0.393477898753242,-0.2,0.393477898753242,-1.0,5795,0,26,open
