,F23,F25,F34,F35,F36,F37,F38,F39,F40,F41,F42,F43,F44,F45,F46,F61,F62,F64,F65,F66,F67,F68,F69,F70,F72,F73,F74,F77,F79,F83,F84,F88,F94,F95,F101,F102,F103,F104,F105,F107,F108,F109,F110,F111,F112,F113,F114,F115,F116,category
F23,1.0,0.03583863590374566,0.13617187341505074,0.008415305289208143,0.043400469786601566,0.04532655171985761,0.023319717195635033,-0.004420899907001592,0.02463343726490798,0.04798912023586194,0.040540159462348235,0.04990555933480612,0.04619546134684199,0.017968670381148532,0.016878020027970175,-0.009195713264222133,-0.0062238771545147075,0.0861175109556505,-0.03556648751629431,0.0032055428402441443,0.040810772569864685,0.02470465608520964,0.023277309808537667,-0.004177321541264285,0.03685853188288062,0.007170042952209337,0.10518107695073076,-0.004177321541264285,-0.07296497556846061,0.10518107695073073,0.06174340683034607,0.010366032328851214,0.060299356760032966,-0.14902369971029605,0.04495403927572871,0.029837347805119405,-0.03680658825858306,-0.02689167844798504,0.10703003684711257,-0.018444189147793468,0.05644292323147422,0.40332538364995596,0.12492501622888234,0.06029935676003303,-0.14902369971029814,-0.07295274500472153,-0.003367425599134627,-0.05136691198323601,0.09723807734336783,0.04806550686791816
F25,0.03583863590374566,1.0,0.2225614425835316,-0.19349045390201705,-0.16081671453740784,-0.12994637923585575,-0.20335012862061516,-0.16732141657515232,-0.15901562575010392,-0.1825284316392446,-0.07906437250357824,-0.07866208328686067,-0.13096521688992713,-0.23428035435927652,-0.1381232383011423,-0.08303033822806509,0.07469620006350762,0.21859232376250273,-0.018479191728788882,0.012817076875771377,-0.2636161776020436,-0.07101114075804282,0.07358464447022561,0.46739580035053047,0.9901780067429258,0.03426027805403861,0.39832011192223543,0.46739580035053047,0.3759604986519502,0.3983201119222353,0.1360627907197804,0.423166171366424,0.038327184039723815,-0.1386291110846859,0.07904750449614187,0.025521477760552518,-0.0227235802822766,0.143038603793742,-0.19763772975526422,0.12293334115219177,0.002850040744552448,0.02978747571141287,0.2817354658070558,0.03832718403972364,-0.13862911108468579,0.3759500518271711,0.3535600382751001,0.3859801283062022,0.18625592196418858,0.17926906500852946
F34,0.13617187341505074,0.2225614425835316,1.0,-0.06916697959106022,-0.0871394789265882,-0.05868395092702401,-0.08112837873386274,-0.050284429178291075,-0.11538635249303059,-0.12747715695769918,-0.08906416911431175,-0.09873467737826412,-0.1110907553110319,-0.08886838612849807,-0.17594411877951066,-0.026540888162662764,0.1866163504298765,0.5448933019169406,0.0700926086874709,0.025043961788620926,-0.1081660612201073,-0.08294711769930634,0.20173569599986188,0.22735566496944662,0.2186779514793618,0.03566931427958379,0.3598913677089607,0.22735566496944662,0.07772649655818036,0.35989136770896063,0.2619568352097821,0.2022399917788763,0.3288584436355835,0.0761196752841087,-0.01428949835906946,0.054351442152883685,0.18766354944551222,-0.07326154074384333,-0.42595785303949446,0.06305565526893538,-0.03262190673172704,0.10884229554951728,0.301249488979236,0.3288584436355836,0.07611967528410658,0.07771915376346021,0.22333562705771698,0.09068128911343379,0.26843610831666237,0.23147691813579946
F35,0.008415305289208141,-0.19349045390201708,-0.06916697959106022,1.0,0.5282860170530865,0.45361146265308344,0.9492515427537164,0.962064422148559,0.36902382850545196,0.2405528792347717,0.12554684906402147,0.09056344032720033,0.1815368574218005,0.26160605758343297,0.14054165073859362,0.055499004629284455,-0.032156157267945795,0.021371197126856166,0.036271623460358365,0.07543065560473776,0.47781677881260726,0.1800904808354327,-0.028634199013245903,-0.20635164036292333,-0.20183748025029893,0.0054564394908646965,-0.14980780848557562,-0.20635164036292333,-0.04783311083332338,-0.14980780848557557,-0.19056230055734316,-0.1778080507540212,0.16459832364384272,0.24242154347424558,-0.006267720952314805,0.07812236997205864,0.08922491468079667,-0.10223622314186441,0.07552866979906421,-0.04588173703331897,-0.021625778920757607,0.043733008088356076,0.0005644184188075944,0.16459832364384253,0.24242154347424533,-0.047840500305876284,-0.07137854143035036,-0.0504474312885321,0.056451574943503266,0.037865806081359366
F36,0.04340046978660156,-0.16081671453740784,-0.0871394789265882,0.5282860170530865,1.0,0.8402421955149968,0.7572249055598684,0.2766008496790511,0.4091770409106706,0.37420514911792285,0.32860099073323024,0.3706093934498611,0.3645257172482652,0.11254964280805348,0.19290415198845484,0.3829031849710354,-0.032783041395918304,0.09284007798086527,0.2092161104476491,0.23848986237441905,0.4619393354474714,0.328873160445066,-0.02870814424641318,-0.06715514936540333,-0.17156136041615225,-0.04143282714652063,-0.21032475323269528,-0.06715514936540333,-0.0688490582902689,-0.21032475323269523,-0.24395681411812067,-0.03252353664617535,0.25056518618692564,0.2423049588351185,-0.08198079976448332,0.09478307871951035,0.2627788457774721,-0.10293200219526577,0.11558033777681649,-0.08339893329958818,-0.02078803796927248,0.08707885635418343,-0.009468459995260806,0.25056518618692536,0.2423049588351175,-0.06885913103365911,-0.05700092797153038,-0.06985038099754658,0.10838470421158217,0.08468941329395335
F37,0.04532655171985762,-0.12994637923585572,-0.058683950927024005,0.45361146265308344,0.8402421955149967,0.9999999999999999,0.6927277022786033,0.2434166218748482,0.3568982744108658,0.30935358121666284,0.26852630156646623,0.3407147612341184,0.30278014122773345,0.09994952954499203,0.14819100728304058,0.2244354299283999,-0.006346219675995996,0.09543337096285379,0.09885722605005687,0.21944452422758318,0.40274395139887803,0.28373312976019155,-0.006227063920064322,-0.05061730982902108,-0.13045522147222258,-0.008666470481260399,-0.14187817888467513,-0.05061730982902108,-0.04305106659527216,-0.1418781788846751,-0.18032730769441355,-0.048322305189782054,0.23386348235955706,0.24363596381209782,-0.06295828825185036,0.08860840478052748,0.13344591878614886,-0.0970807087590269,0.08427283727660727,-0.059869917544984115,-0.017614506588931152,0.07721397202399909,-0.007744680477550917,0.23386348235955687,0.24363596381209685,-0.04305806919399804,-0.045681608636793436,-0.04590850795314894,0.09385462697137245,0.09073860433862824
F38,0.023319717195635033,-0.2033501286206152,-0.08112837873386272,0.9492515427537164,0.7572249055598683,0.6927277022786034,1.0,0.8310639000636703,0.4281362751444997,0.3150710872765259,0.21106251691765116,0.20560223946164444,0.2670583632387865,0.23967250645804714,0.17309684676298626,0.1622030262234992,-0.03255457972616247,0.05218890725519659,0.08917476755118894,0.1453673708656192,0.5298070443809719,0.2550910037201193,-0.02898071653269309,-0.1796755662395845,-0.21209242072854548,-0.006237262969766184,-0.18283788616942415,-0.1796755662395845,-0.05836888966288136,-0.18283788616942417,-0.22746714381073455,-0.15014286358715637,0.21810956261715755,0.2770735377887942,-0.03295219653131112,0.09457574413831445,0.1467234369651736,-0.11606425864106082,0.09636650861633901,-0.06283261115106893,-0.023850703604928546,0.06489006203477071,-0.002906282240142258,0.21810956261715764,0.2770735377887936,-0.058377844017073195,-0.07413792611762468,-0.06104774745584588,0.08192401882908269,0.0621764260476827
F39,-0.004420899907001593,-0.16732141657515232,-0.05028442917829107,0.962064422148559,0.2766008496790511,0.24341662187484822,0.8310639000636703,0.9999999999999999,0.2861892208224148,0.15202124904902212,0.036509418458434306,-0.01658343199773019,0.0883363181402847,0.25992477028355254,0.09708289876187902,-0.06022007933678126,-0.025860912938067485,-0.005643201017220783,-0.026172689851817078,0.008741777625521157,0.39236894867803335,0.0981551831415614,-0.023184060616301173,-0.21197325179944237,-0.17331621978893594,0.019488884106866444,-0.101972866697276,-0.21197325179944237,-0.03201555380716153,-0.101972866697276,-0.13729268370281805,-0.19079507534268755,0.10578289961126638,0.19651844932768991,0.01924821159718489,0.057964216357261594,0.01654976049057887,-0.08263818544019685,0.048346048068255904,-0.02513179106645575,-0.017796727851077356,0.02151739633574473,0.0036812256614432957,0.1057828996112667,0.19651844932768986,-0.03202068073404128,-0.06247163572198051,-0.03465273156667032,0.029066438515207245,0.015644594723146794
F40,0.024633437264907975,-0.1590156257501039,-0.1153863524930306,0.36902382850545196,0.4091770409106706,0.35689827441086586,0.4281362751444997,0.2861892208224148,1.0,0.292188036735911,0.210458507848558,0.26404929616521244,0.2607886289468737,0.18974368569016556,0.3786919414452809,0.18879236490498882,-0.003989043664202796,-0.03361807992697694,0.17512842445395796,0.15222027512928643,0.23868352755924843,0.18186085316847186,-0.003068430219012089,-0.22819910865474058,-0.16726567687260213,-0.0015652365948330574,-0.30449138368590745,-0.22819910865474058,-0.10672138348685234,-0.3044913836859074,-0.3010782082029461,-0.19080584103581527,0.14481684609539394,0.13067766070790265,-0.08948714229251968,0.05096427673459206,0.128946633430751,-0.16815919578409627,0.08770723260550012,-0.0439347098011815,-0.012815932419709642,0.03711271541019465,-0.07441168382667954,0.14481684609539397,0.130677660707901,-0.10673639009289758,-0.0895237550206895,-0.10500909590659042,-0.01919109151408211,-0.0122985568114901
F41,0.04798912023586194,-0.1825284316392446,-0.12747715695769918,0.2405528792347717,0.37420514911792285,0.30935358121666284,0.3150710872765259,0.1520212490490221,0.292188036735911,0.9999999999999999,0.8990445126219153,0.855175549956932,0.9725546423448922,0.25457940010894015,0.4595150691112016,0.23695168971046648,-0.09200997153368298,0.29616556138262023,0.06689863160174715,0.7224281371955019,0.12528807771212908,0.8292743597043104,-0.07655376444962748,-0.09575697518208282,-0.18233152646173578,-0.05711646506254109,-0.2611366652856328,-0.09575697518208282,-0.06543813735085807,-0.26113666528563273,-0.5387888540706948,-0.05183807044826819,0.583019734185831,-0.04941759249996128,-0.005861624971898806,-0.017206104327965786,0.09902965182857122,0.032054536303241406,0.13356011534173953,-0.07534064763996412,-0.008307247362786726,0.0865386020916828,0.008207336636463053,0.5830197341858305,-0.049417592499961874,-0.06545510207116484,-0.07706659508281877,-0.06308997734951823,0.02654453715795667,0.032042934974400195
F42,0.040540159462348235,-0.07906437250357824,-0.08906416911431175,0.12554684906402147,0.3286009907332302,0.2685263015664663,0.21106251691765113,0.03650941845843431,0.210458507848558,0.8990445126219153,1.0,0.8917769491535292,0.974965975560214,-0.19455245413398484,0.39611987681048205,0.19871743491215016,-0.07382620809391698,0.3353763169198367,0.029146887763460493,0.661351117074542,0.07990484178952582,0.7703075952569178,-0.061671217314505325,-0.0035210308620409643,-0.07425647171160249,-0.06655150316478384,-0.19599746747229133,-0.0035210308620409643,0.03178903801726535,-0.19599746747229135,-0.42130038244185747,0.032868303894725726,0.46973082271284783,-0.09742372859593625,0.006551721934408048,-0.027905945117188836,0.08402366741165497,0.08475821599017959,0.0918647890221142,-0.031329561307337446,-0.005581600711395203,0.1004870760482257,0.0661016942718999,0.46973082271284694,-0.09742372859593647,0.03177689395815009,0.03316923512800063,0.03419966864304577,0.0682911472787595,0.06815501202243056
F43,0.049905559334806116,-0.07866208328686067,-0.09873467737826412,0.09056344032720032,0.3706093934498611,0.3407147612341184,0.20560223946164444,-0.016583431997730193,0.26404929616521244,0.8551755499569321,0.8917769491535292,1.0,0.9122437289411099,-0.053806615672752155,0.4420786066094321,0.21658638361837423,-0.05383577218243029,0.3075939977297921,0.06809762401057694,0.6390093518537359,0.09840588655046108,0.7534369284863464,-0.04700047462141377,-0.028828956812369213,-0.07017343826880285,-0.06301912464581594,-0.21390222697197142,-0.028828956812369213,0.03657735942785649,-0.2139022269719714,-0.4500629819538036,0.006998649852406865,0.5138106321989808,-0.05541725214408165,-0.00012135760041866838,-0.009401185862861905,0.08299057227116763,0.05236710577310685,0.09657748820498384,-0.039702634598997255,-0.008865753818056358,0.09804052429495647,0.0689547500786878,0.5138106321989799,-0.055417252144082156,0.03656306998135051,0.05434163616754797,0.039335638387322264,0.0857436924445223,0.08025183127015983
F44,0.04619546134684199,-0.13096521688992713,-0.11109075531103191,0.1815368574218005,0.3645257172482652,0.30278014122773345,0.2670583632387865,0.0883363181402847,0.2607886289468737,0.9725546423448922,0.974965975560214,0.9122437289411099,1.0,0.02541583167980236,0.4430498384119791,0.2248918867619518,-0.08320061184801793,0.32514473403595784,0.05139600241877801,0.7099707249678191,0.10570825148251607,0.8219003429123694,-0.0695267906652748,-0.04979491721080014,-0.1278919618349516,-0.06389896008893681,-0.2349284258110363,-0.04979491721080014,-0.013185094039041896,-0.23492842581103626,-0.49340900126741466,-0.008684245340831424,0.5426925331601516,-0.07410931107839944,0.0002750011807566975,-0.02213733708017003,0.09381171004043795,0.05960483323215622,0.11512970103725138,-0.05405417442308508,-0.007340109026875533,0.09686784313451618,0.04084503475247424,0.5426925331601518,-0.07410931107839973,-0.013200112254124133,-0.016585424038067634,-0.010697078080302649,0.0520452704123419,0.05414169098981327
F45,0.01796867038114853,-0.23428035435927655,-0.08886838612849808,0.26160605758343297,0.11254964280805348,0.09994952954499203,0.2396725064580471,0.2599247702835526,0.1897436856901656,0.25457940010894015,-0.19455245413398484,-0.053806615672752155,0.02541583167980236,1.0,0.15453949878499063,0.09193401944535334,-0.04306902083377702,-0.07723940314562323,0.08549313392095662,0.15773000755831185,0.10419368727290206,0.15644660003862246,-0.035289396069851334,-0.20673916931764336,-0.2444579791942177,0.019032837348908274,-0.15212076285769696,-0.20673916931764336,-0.2168044575227784,-0.152120762857697,-0.27651572835117616,-0.18872112092599244,0.2686386712444921,0.10446435087184233,-0.027601408732549928,0.023087809234289526,0.036272460646835876,-0.1153881789035997,0.09631003804967864,-0.09958436694847457,-0.006282449492305168,-0.02807121052308134,-0.12760610134942565,0.26863867124449253,0.10446435087184139,-0.21681564067743764,-0.24590294782975286,-0.21686820714797336,-0.09136255149077156,-0.07874431798314227
F46,0.016878020027970172,-0.1381232383011423,-0.1759441187795107,0.14054165073859362,0.19290415198845484,0.14819100728304058,0.17309684676298626,0.097082898761879,0.3786919414452809,0.4595150691112016,0.396119876810482,0.4420786066094321,0.44304983841197915,0.15453949878499063,0.9999999999999999,0.1339111029946956,-0.031195686747979467,-0.14136311879289776,0.1441978892889456,0.1388844264013984,0.10010021441670466,0.17872931960742863,-0.00446813928899555,-0.18654747147898487,-0.14083935382242235,-0.08751156824869961,-0.346450013593944,-0.18654747147898487,-0.005092210200298365,-0.346450013593944,-0.4795397187285382,-0.1440541097911332,0.046530088831135685,-0.013769241522375505,-0.03515073829346815,-0.018686602644978602,-0.028960995294280593,-0.08973182000268282,0.08103799159906505,0.03057450664528511,-0.0030639334123467995,0.061351054187418576,0.03449827212444148,0.0465300888311357,-0.013769241522376081,-0.005113172061178775,0.006001113005202449,-0.003097650293421721,0.054178129766407276,0.06876866834363757
F61,-0.009195713264222133,-0.08303033822806509,-0.026540888162662764,0.05549900462928445,0.3829031849710354,0.2244354299283999,0.1622030262234992,-0.06022007933678126,0.18879236490498882,0.23695168971046648,0.19871743491215016,0.21658638361837426,0.2248918867619518,0.09193401944535334,0.13391110299469564,0.9999999999999999,-0.0014431859415648496,0.08213467672489043,0.5879722113770985,0.3347284755811372,0.1595315553577696,0.28287293179051737,-0.007624543639833188,0.2916385975404452,-0.08422828210330288,-0.07841599491099197,-0.216635703298286,0.2916385975404452,0.08812217254071497,-0.2166357032982859,-0.22415720590394764,0.29812095369934805,0.1918283435161533,0.10784231588845138,-0.07549776251057391,0.13598481341217245,0.6117574930266164,-0.05492480039506255,0.019514541109183027,-0.020992373301700142,-0.0013175998310601855,0.04443726339305124,0.11110422472695629,0.19182834351615322,0.10784231588844875,0.08811499420626259,0.10223041837650852,0.0955384698748973,0.17298956429359583,0.1927380342509928
F62,-0.0062238771545147075,0.07469620006350762,0.1866163504298765,-0.032156157267945795,-0.032783041395918304,-0.0063462196759959955,-0.03255457972616247,-0.02586091293806748,-0.003989043664202796,-0.09200997153368298,-0.07382620809391698,-0.05383577218243029,-0.08320061184801793,-0.04306902083377701,-0.031195686747979467,-0.0014431859415648496,0.9999999999999998,0.23197625323441404,0.07222233401812854,-0.029123937463389572,-0.09057439109265415,-0.09378866662369527,0.9018815764529525,0.09766018053095028,0.07598196886501932,0.014562056704223529,0.151430939068124,0.09766018053095028,0.01996194036255696,0.15143093906812397,0.1280049924343646,0.08250696970413522,0.1428712769557582,0.08738560860957256,0.07824505266047353,0.04678668138582367,0.11202357431708179,-0.08905380095864868,-0.22890162187667168,0.14959753776060425,-0.14780265676672727,-0.1047379646465093,0.11312625519219059,0.1428712769557582,0.08738560860957145,0.019954713539827796,0.09301084015412903,0.014202386031029319,0.04084055559877383,0.0964213425497112
F64,0.08611751095565051,0.21859232376250273,0.5448933019169406,0.021371197126856166,0.09284007798086527,0.0954333709628538,0.05218890725519659,-0.005643201017220784,-0.03361807992697694,0.29616556138262023,0.33537631691983666,0.3075939977297921,0.32514473403595784,-0.07723940314562323,-0.14136311879289776,0.08213467672489043,0.23197625323441404,0.9999999999999999,0.0777409731118382,0.5409864582902644,-0.017157219040995004,0.45425213695931915,0.17926514760250592,0.261371583028449,0.21472466296289566,0.01634987701076624,0.34214158206925877,0.261371583028449,0.20794771681841676,0.34214158206925877,0.006447333608826487,0.2506603714538503,0.8194594442253924,0.11940822168980489,0.06892154224825278,0.0420831639251382,0.31114951119278117,-0.03674455692151235,-0.11168207069588977,-0.019041218484013377,-0.05985699401024116,0.050975043540707726,0.34829875655352605,0.8194594442253923,0.11940822168980306,0.20793442271687262,0.4357440262919315,0.21537760776116935,0.30302906915177463,0.2885552754440649
F65,-0.035566487516294314,-0.018479191728788882,0.0700926086874709,0.03627162346035837,0.2092161104476491,0.09885722605005688,0.08917476755118894,-0.026172689851817078,0.175128424453958,0.06689863160174715,0.02914688776346049,0.06809762401057694,0.051396002418778015,0.08549313392095662,0.14419788928894559,0.5879722113770985,0.07222233401812854,0.0777409731118382,0.9999999999999998,0.18486996371429348,0.10549250292807312,0.074891950856422,0.06375407743967858,0.11418978168246853,-0.027625833580648563,-0.09231718159242593,-0.14408251994452742,0.11418978168246853,0.07569434599190028,-0.1440825199445274,-0.11382188574716233,0.10834964168349652,0.14796406496899617,0.2605607421067173,-0.13535722030884054,0.20336667328146704,0.6564199142900174,-0.16413306745250444,-0.10237597550550281,-0.07140349434377416,-0.012811141257777641,-0.04874976956415837,0.09754343781849248,0.14796406496899617,0.26056074210671365,0.07568971468619125,0.0837379277702696,0.08250038026872743,0.11888197462173278,0.12250931587180522
F66,0.0032055428402441447,0.01281707687577138,0.025043961788620926,0.07543065560473776,0.23848986237441905,0.21944452422758318,0.14536737086561924,0.008741777625521157,0.1522202751292864,0.7224281371955018,0.661351117074542,0.6390093518537359,0.709970724967819,0.15773000755831182,0.1388844264013984,0.3347284755811372,-0.029123937463389572,0.5409864582902644,0.18486996371429348,1.0,0.06915238971276665,0.9196874730058396,-0.0221555816557888,0.07096689103614895,0.013572449957933035,-0.013076906597501013,-0.16729505144098747,0.07096689103614895,0.30209887018288734,-0.16729505144098747,-0.5260874462600361,0.07898500334313248,0.7111003659947539,-0.05900964862530798,0.009092722999415227,-0.011017304996190365,0.22966981151175406,0.042297533081168404,0.021449022747641485,0.035728106168302076,-0.005635622542801622,0.0944017918492799,0.21365484141487234,0.7111003659947545,-0.0590096486253082,0.30208896618103265,0.3373050195262118,0.30888603807827153,0.14331102303640395,0.14481505708327905
F67,0.040810772569864685,-0.2636161776020436,-0.10816606122010733,0.4778167788126072,0.4619393354474714,0.40274395139887803,0.5298070443809719,0.39236894867803335,0.23868352755924843,0.12528807771212908,0.07990484178952582,0.09840588655046106,0.10570825148251609,0.10419368727290206,0.10010021441670465,0.1595315553577696,-0.09057439109265417,-0.017157219040995004,0.10549250292807313,0.06915238971276663,1.0,0.18688858718502455,-0.0789212463907435,-0.23687696058762586,-0.26810436946960275,-0.009698696281538341,-0.26642505087588186,-0.23687696058762586,0.018995707142289455,-0.2664250508758818,-0.2283182293764626,-0.21379560304485337,0.11440325544321735,0.5408075065318654,-0.0718527933765529,0.11193259034262854,0.1365567836922777,-0.24118796409885307,0.20412365307183739,-0.0839914709991181,-0.02719970431558956,0.16013066040370186,0.05703374883366405,0.11440325544321737,0.5408075065318652,0.01898120673567189,0.029811357676619212,0.013942760054721035,0.18985186134174395,0.16430114130330564
F68,0.024704656085209643,-0.07101114075804282,-0.08294711769930635,0.1800904808354327,0.328873160445066,0.2837331297601916,0.2550910037201193,0.09815518314156141,0.18186085316847184,0.8292743597043104,0.7703075952569178,0.7534369284863464,0.8219003429123692,0.15644660003862246,0.17872931960742866,0.2828729317905173,-0.09378866662369527,0.4542521369593192,0.074891950856422,0.9196874730058395,0.18688858718502455,1.0,-0.0730857244585137,0.008194574036967578,-0.06950453647595702,-0.03658084828147028,-0.24032216660469702,0.008194574036967578,0.23811805266318917,-0.24032216660469696,-0.58530237174346,0.0331225110182191,0.6829935928330815,-0.05937350499864671,0.02406477750253946,-0.023412238885822407,0.15598354662939956,0.07989495881141652,0.0877413620621915,0.012539809481403298,-0.0007332036880909642,0.148143870964846,0.1626421314343008,0.6829935928330796,-0.0593735049986462,0.23810829337419087,0.2367270331701893,0.24297348549175854,0.10873688408312016,0.1015885293990124
F69,0.023277309808537667,0.07358464447022561,0.20173569599986185,-0.028634199013245903,-0.02870814424641318,-0.006227063920064322,-0.02898071653269309,-0.023184060616301173,-0.0030684302190120893,-0.07655376444962748,-0.06167121731450533,-0.047000474621413775,-0.0695267906652748,-0.035289396069851334,-0.00446813928899555,-0.007624543639833187,0.9018815764529526,0.17926514760250595,0.06375407743967858,-0.0221555816557888,-0.0789212463907435,-0.07308572445851369,1.0,0.07822253212817779,0.07682602301340216,0.015942954641913427,0.1290885566129144,0.07822253212817779,0.035966769685049874,0.12908855661291438,0.09620271968484952,0.06569625434407529,0.10133411727691687,0.059978292233053544,0.05155914275244229,0.034039817552561996,0.07339592013954878,-0.07584925627469007,-0.2157781694437804,0.11302144118361952,-0.12951755324131692,-0.08273575657089627,0.12148540145123328,0.1013341172769169,0.059978292233052774,0.03596049368712181,0.07566243600435744,0.0323988257682158,0.030168124910301457,0.070795286209114
F70,-0.004177321541264285,0.4673958003505305,0.22735566496944665,-0.20635164036292333,-0.06715514936540333,-0.05061730982902108,-0.1796755662395845,-0.21197325179944237,-0.22819910865474058,-0.09575697518208282,-0.0035210308620409643,-0.028828956812369216,-0.04979491721080014,-0.20673916931764336,-0.1865474714789849,0.2916385975404452,0.09766018053095028,0.261371583028449,0.11418978168246853,0.07096689103614895,-0.23687696058762586,0.008194574036967576,0.07822253212817779,1.0,0.4778581748808457,0.03348144609960608,0.3087345666940592,1.0,0.2711692617412602,0.30873456669405913,0.10232717443302522,0.9630494537884866,0.13218528542602012,-0.052907627354022574,-0.006007578084797113,0.01864427737640816,0.14761011915274863,0.1344562060579193,-0.11164050299392461,0.0522445306535585,-0.012211581220752258,0.01604704836033873,0.20627609907702527,0.13218528542602007,-0.052907627354022935,0.2711751358732579,0.2530405388042388,0.2748520624580482,0.18404071421704246,0.20478668960022517
F72,0.03685853188288062,0.9901780067429258,0.2186779514793618,-0.2018374802502989,-0.17156136041615228,-0.13045522147222258,-0.21209242072854548,-0.17331621978893597,-0.16726567687260213,-0.18233152646173578,-0.07425647171160249,-0.07017343826880285,-0.1278919618349516,-0.2444579791942177,-0.14083935382242235,-0.0842282821033029,0.07598196886501932,0.21472466296289563,-0.027625833580648563,0.013572449957933035,-0.26810436946960275,-0.06950453647595703,0.07682602301340216,0.47785817488084564,1.0,0.036565605659055936,0.4026027921079599,0.47785817488084564,0.389449274854676,0.40260279210795985,0.14532629953021226,0.42940103566007143,0.03155667074046538,-0.15111951863343923,0.08561466018837813,0.027475783815195904,-0.03272911812027886,0.15164108605952312,-0.2028634242146548,0.12981588797902677,0.006503742278135563,0.03284625337312476,0.29162405540570935,0.031556670740465455,-0.15111951863343892,0.38943807957029253,0.35615940742981556,0.39987667513383085,0.1885625119402852,0.1824512488991148
F73,0.007170042952209338,0.03426027805403861,0.03566931427958379,0.005456439490864697,-0.041432827146520634,-0.008666470481260399,-0.0062372629697661835,0.01948888410686644,-0.0015652365948330574,-0.05711646506254109,-0.06655150316478384,-0.06301912464581595,-0.06389896008893681,0.019032837348908274,-0.08751156824869961,-0.07841599491099197,0.01456205670422353,0.016349877010766237,-0.09231718159242594,-0.013076906597501013,-0.009698696281538341,-0.03658084828147028,0.01594295464191343,0.03348144609960608,0.036565605659055936,1.0,0.051753201829082905,0.03348144609960608,0.03351199491737931,0.05175320182908292,0.07915287345953184,0.024675461480599237,-0.03345658354694063,0.016779975443104955,0.02537676877674037,0.0001662106073828721,-0.006337219038849994,0.046814442523466615,0.0029804933384010293,0.023211702908586963,0.007602631663735063,0.046706155715566904,-0.024523537639486965,-0.03345658354694065,0.01677997544310501,0.03351660536373403,-0.010383240371452987,0.029806245092768437,-0.1219037777320696,-0.1815167879450972
F74,0.10518107695073076,0.39832011192223543,0.3598913677089607,-0.14980780848557562,-0.21032475323269528,-0.14187817888467513,-0.18283788616942415,-0.10197286669727601,-0.30449138368590745,-0.2611366652856328,-0.19599746747229133,-0.2139022269719714,-0.23492842581103632,-0.15212076285769696,-0.346450013593944,-0.216635703298286,0.151430939068124,0.34214158206925877,-0.14408251994452745,-0.16729505144098747,-0.26642505087588186,-0.24032216660469702,0.1290885566129144,0.3087345666940592,0.4026027921079599,0.051753201829082905,1.0,0.3087345666940592,-0.0739343540122007,1.0,0.46328137506846,0.27483400034685834,0.1106829069003556,-0.02816401469170771,0.08818099464073424,-0.019524042554250786,-0.049695106390641425,0.15362679405292126,-0.1413585848327508,-0.056012871239873314,-0.006253978223536174,-0.07388791906477987,0.035990440055716444,0.1106829069003564,-0.028164014691707963,-0.07392184526002854,0.05024434636019377,-0.07059762080681126,0.042164869124875944,0.038837230178402
F77,-0.004177321541264285,0.4673958003505305,0.22735566496944665,-0.20635164036292333,-0.06715514936540333,-0.05061730982902108,-0.1796755662395845,-0.21197325179944237,-0.22819910865474058,-0.09575697518208282,-0.0035210308620409643,-0.028828956812369216,-0.04979491721080014,-0.20673916931764336,-0.1865474714789849,0.2916385975404452,0.09766018053095028,0.261371583028449,0.11418978168246853,0.07096689103614895,-0.23687696058762586,0.008194574036967576,0.07822253212817779,1.0,0.4778581748808457,0.03348144609960608,0.3087345666940592,1.0,0.2711692617412602,0.30873456669405913,0.10232717443302522,0.9630494537884866,0.13218528542602012,-0.052907627354022574,-0.006007578084797113,0.01864427737640816,0.14761011915274863,0.1344562060579193,-0.11164050299392461,0.0522445306535585,-0.012211581220752258,0.01604704836033873,0.20627609907702527,0.13218528542602007,-0.052907627354022935,0.2711751358732579,0.2530405388042388,0.2748520624580482,0.18404071421704246,0.20478668960022517
F79,-0.07296497556846061,0.3759604986519502,0.07772649655818037,-0.04783311083332338,-0.06884905829026891,-0.04305106659527215,-0.05836888966288137,-0.03201555380716153,-0.10672138348685234,-0.06543813735085807,0.03178903801726535,0.03657735942785648,-0.013185094039041896,-0.2168044575227784,-0.005092210200298365,0.08812217254071497,0.01996194036255696,0.20794771681841673,0.0756943459919003,0.3020988701828873,0.018995707142289455,0.23811805266318917,0.03596676968504988,0.2711692617412602,0.389449274854676,0.0335119949173793,-0.0739343540122007,0.2711692617412602,1.0,-0.07393435401220068,-0.24269572508316364,0.24281986231759725,0.05289279551929245,-0.11918508713167003,0.11286288668346953,-0.038581090920293146,0.09439323704701255,0.13415229956066782,-0.19435131968982425,0.33293235500279883,0.006191744906112526,0.18752663175409431,0.5765223252878946,0.05289279551929196,-0.11918508713166848,0.9999997727778756,0.7147565933133572,0.9917478789871614,0.32559465558044964,0.2979927565763688
F83,0.10518107695073074,0.3983201119222353,0.3598913677089606,-0.14980780848557557,-0.21032475323269526,-0.1418781788846751,-0.1828378861694242,-0.101972866697276,-0.3044913836859074,-0.26113666528563273,-0.19599746747229133,-0.2139022269719714,-0.23492842581103626,-0.15212076285769696,-0.346450013593944,-0.2166357032982859,0.15143093906812397,0.34214158206925877,-0.1440825199445274,-0.16729505144098744,-0.2664250508758818,-0.24032216660469696,0.12908855661291438,0.30873456669405913,0.4026027921079598,0.05175320182908292,1.0,0.30873456669405913,-0.07393435401220066,0.9999999999999998,0.4632813750684599,0.2748340003468583,0.11068290690035561,-0.028164014691707685,0.08818099464073424,-0.019524042554250783,-0.04969510639064134,0.15362679405292115,-0.1413585848327508,-0.056012871239873335,-0.006253978223536178,-0.07388791906477986,0.03599044005571647,0.11068290690035643,-0.02816401469170795,-0.07392184526002851,0.05024434636019378,-0.07059762080681124,0.04216486912487595,0.038837230178401974
F84,0.06174340683034608,0.13606279071978036,0.2619568352097821,-0.19056230055734316,-0.24395681411812065,-0.18032730769441355,-0.22746714381073452,-0.13729268370281805,-0.30107820820294606,-0.5387888540706948,-0.4213003824418575,-0.4500629819538036,-0.49340900126741466,-0.27651572835117616,-0.4795397187285381,-0.22415720590394764,0.1280049924343646,0.006447333608826488,-0.11382188574716233,-0.526087446260036,-0.22831822937646262,-0.58530237174346,0.0962027196848495,0.10232717443302523,0.14532629953021226,0.07915287345953184,0.46328137506845996,0.10232717443302523,-0.24269572508316364,0.46328137506845984,0.9999999999999998,0.06611408036074327,-0.3217425405875348,0.01115402848479783,0.05807295914444962,0.07835786195118101,-0.024663080195878633,-0.002654475632134724,-0.17393772923967063,-0.028452127770571756,-0.0004961099458076757,-0.11515184546510687,-0.10825193011120415,-0.32174254058753443,0.01115402848479642,-0.24268633089323866,-0.1981720241112624,-0.24347363383378837,-0.08194368861986602,-0.06971532500567874
F88,0.010366032328851214,0.4231661713664239,0.20223999177887628,-0.1778080507540212,-0.03252353664617535,-0.048322305189782054,-0.15014286358715637,-0.19079507534268755,-0.1908058410358153,-0.05183807044826819,0.032868303894725726,0.006998649852406864,-0.008684245340831424,-0.18872112092599244,-0.14405410979113323,0.29812095369934805,0.08250696970413522,0.2506603714538503,0.10834964168349652,0.07898500334313246,-0.2137956030448534,0.03312251101821911,0.0656962543440753,0.9630494537884866,0.42940103566007143,0.024675461480599233,0.27483400034685834,0.9630494537884866,0.24281986231759725,0.2748340003468583,0.06611408036074327,0.9999999999999999,0.13950417575912602,-0.04984249658231964,-0.011340848697210876,0.01024305761137701,0.14193352738102857,0.1489520934041969,-0.08008065512172445,0.036145356043413804,-0.012276408279716038,0.012258533211515476,0.1904236509761646,0.13950417575912605,-0.0498424965823198,0.24282366132498762,0.23070289205864808,0.24760012497933814,0.19955665111465676,0.20768010761305564
F94,0.060299356760032966,0.03832718403972381,0.3288584436355835,0.16459832364384272,0.25056518618692564,0.23386348235955703,0.21810956261715755,0.10578289961126638,0.14481684609539394,0.583019734185831,0.46973082271284783,0.5138106321989808,0.5426925331601516,0.2686386712444921,0.046530088831135685,0.19182834351615333,0.1428712769557582,0.8194594442253925,0.14796406496899617,0.711100365994754,0.11440325544321733,0.6829935928330814,0.10133411727691688,0.13218528542602015,0.03155667074046537,-0.03345658354694063,0.1106829069003556,0.13218528542602015,0.052892795519292456,0.11068290690035561,-0.3217425405875348,0.13950417575912602,1.0,0.20713034004544315,0.0015558427635512764,0.04528110718467779,0.28331390546591895,-0.09435041342411535,0.012614409774249258,-0.08974461027207568,-0.058484865914147366,0.056849669003211416,0.20869927627858806,0.9999999999999978,0.20713034004544129,0.052871283785099525,0.20595437163719735,0.057358771694213724,0.21395375712116815,0.20389334558514813
F95,-0.14902369971029605,-0.1386291110846859,0.0761196752841087,0.24242154347424555,0.24230495883511852,0.24363596381209784,0.2770735377887941,0.1965184493276899,0.13067766070790265,-0.04941759249996128,-0.09742372859593625,-0.05541725214408164,-0.07410931107839945,0.10446435087184233,-0.013769241522375505,0.10784231588845138,0.08738560860957256,0.11940822168980489,0.2605607421067173,-0.05900964862530797,0.5408075065318655,-0.0593735049986467,0.059978292233053544,-0.05290762735402257,-0.15111951863343923,0.016779975443104955,-0.02816401469170771,-0.05290762735402257,-0.11918508713167004,-0.028164014691707685,0.011154028484797828,-0.04984249658231963,0.20713034004544315,1.0,-0.19327249027655866,0.1843366787144985,0.22017138051059856,-0.2859755953001589,0.08951262701460232,-0.17226618463798968,-0.05497028906731731,-0.050883787031982416,-0.07750237718021626,0.20713034004544306,1.0,-0.11920386928159654,-0.07879009652088916,-0.14184450848952465,0.12453279648418662,0.10223848393138991
F101,0.04495403927572872,0.07904750449614185,-0.014289498359069461,-0.006267720952314804,-0.08198079976448332,-0.06295828825185036,-0.03295219653131112,0.01924821159718489,-0.08948714229251968,-0.005861624971898806,0.006551721934408048,-0.00012135760041866837,0.0002750011807566975,-0.027601408732549928,-0.03515073829346815,-0.07549776251057391,0.07824505266047353,0.06892154224825278,-0.13535722030884056,0.009092722999415225,-0.0718527933765529,0.024064777502539464,0.05155914275244229,-0.006007578084797113,0.08561466018837813,0.02537676877674037,0.08818099464073424,-0.006007578084797113,0.11286288668346951,0.08818099464073424,0.05807295914444962,-0.011340848697210876,0.0015558427635512764,-0.19327249027655866,1.0,0.0042786251208378435,-0.02262078769702616,0.18647894294071893,-0.09900277117525896,0.1124189658364154,-0.02371886320990242,0.02071196031378939,0.06785606403116286,0.0015558427635512524,-0.193272490276558,0.11291284064531223,0.10362230746702866,0.11021789707306125,-0.022992748181839842,0.001206228988042571
F102,0.029837347805119405,0.025521477760552518,0.054351442152883685,0.07812236997205864,0.09478307871951035,0.08860840478052749,0.09457574413831445,0.057964216357261594,0.050964276734592064,-0.017206104327965786,-0.027905945117188836,-0.009401185862861905,-0.022137337080170027,0.023087809234289523,-0.0186866026449786,0.13598481341217245,0.046786681385823675,0.04208316392513821,0.20336667328146704,-0.011017304996190365,0.11193259034262854,-0.02341223888582241,0.034039817552561996,0.01864427737640816,0.027475783815195904,0.0001662106073828721,-0.019524042554250783,0.01864427737640816,-0.03858109092029314,-0.01952404255425078,0.07835786195118101,0.01024305761137701,0.04528110718467779,0.1843366787144985,0.0042786251208378435,1.0,0.22627514926786108,-0.16131106609544596,-0.03016873949312257,-0.057952978247211455,-0.02191286318341199,0.00441089211918789,0.04915937265463227,0.04528110718467762,0.18433667871449622,-0.03858968548443167,-0.03344096912975269,-0.03871607614320224,0.01707048981805445,0.019452187757455268
F103,-0.036806588258583066,-0.0227235802822766,0.18766354944551222,0.08922491468079667,0.2627788457774721,0.13344591878614886,0.1467234369651736,0.01654976049057887,0.128946633430751,0.09902965182857121,0.08402366741165496,0.08299057227116763,0.09381171004043795,0.036272460646835876,-0.028960995294280596,0.6117574930266164,0.11202357431708179,0.31114951119278117,0.6564199142900176,0.22966981151175406,0.13655678369227772,0.15598354662939956,0.07339592013954878,0.14761011915274863,-0.03272911812027886,-0.006337219038849994,-0.049695106390641425,0.14761011915274863,0.09439323704701254,-0.04969510639064135,-0.024663080195878633,0.14193352738102857,0.283313905465919,0.22017138051059856,-0.02262078769702616,0.22627514926786108,0.9999999999999999,0.05838804206422403,-0.05089895336462349,-0.04755871407665442,-0.03678784593232077,-0.042658884286309914,0.1859815081116515,0.28331390546591884,0.2201713805105952,0.09438832840093275,0.13936558716185618,0.0977591215754471,0.19420271397517364,0.1819662001557671
F104,-0.02689167844798504,0.14303860379374203,-0.07326154074384333,-0.10223622314186442,-0.10293200219526577,-0.0970807087590269,-0.11606425864106083,-0.08263818544019685,-0.16815919578409627,0.032054536303241406,0.0847582159901796,0.05236710577310685,0.05960483323215623,-0.1153881789035997,-0.08973182000268283,-0.05492480039506255,-0.08905380095864869,-0.03674455692151235,-0.16413306745250444,0.042297533081168404,-0.24118796409885304,0.07989495881141652,-0.07584925627469007,0.1344562060579193,0.15164108605952312,0.046814442523466615,0.15362679405292123,0.1344562060579193,0.1341522995606678,0.15362679405292115,-0.002654475632134724,0.1489520934041969,-0.09435041342411535,-0.2859755953001589,0.18647894294071893,-0.161311066095446,0.05838804206422403,1.0,-0.020432721577568924,0.01993934204792655,0.01957142448423951,0.0013441497399305827,0.026625658251686512,-0.09435041342411547,-0.28597559530015654,0.1341917785645149,0.0673688344860705,0.13661100781342284,-0.012228738943554394,-0.05230295078588088
F105,0.10703003684711257,-0.19763772975526425,-0.4259578530394945,0.07552866979906421,0.11558033777681648,0.08427283727660727,0.09636650861633901,0.04834604806825591,0.0877072326055001,0.13356011534173953,0.0918647890221142,0.09657748820498384,0.11512970103725138,0.09631003804967865,0.08103799159906505,0.019514541109183027,-0.2289016218766717,-0.11168207069588977,-0.10237597550550283,0.021449022747641485,0.20412365307183739,0.0877413620621915,-0.2157781694437804,-0.1116405029939246,-0.20286342421465484,0.0029804933384010293,-0.1413585848327508,-0.1116405029939246,-0.19435131968982422,-0.1413585848327508,-0.17393772923967063,-0.08008065512172445,0.01261440977424926,0.08951262701460232,-0.09900277117525896,-0.030168739493122567,-0.05089895336462349,-0.020432721577568924,1.0,-0.2690144084902752,0.049270702374820084,0.11949219066965364,-0.178647471238776,0.01261440977424917,0.08951262701460201,-0.19436202248499124,-0.17153474826913054,-0.18761856849837683,0.00657805018076906,-0.07929793350661044
F107,-0.018444189147793465,0.12293334115219177,0.06305565526893538,-0.045881737033318964,-0.08339893329958818,-0.059869917544984115,-0.06283261115106893,-0.02513179106645575,-0.0439347098011815,-0.07534064763996412,-0.031329561307337446,-0.03970263459899726,-0.054054174423085084,-0.09958436694847458,0.03057450664528511,-0.020992373301700142,0.14959753776060425,-0.019041218484013373,-0.07140349434377416,0.035728106168302076,-0.0839914709991181,0.012539809481403298,0.11302144118361952,0.052244530653558496,0.12981588797902677,0.023211702908586963,-0.056012871239873314,0.052244530653558496,0.33293235500279883,-0.056012871239873335,-0.02845212777057175,0.03614535604341381,-0.08974461027207568,-0.17226618463798965,0.11241896583641542,-0.057952978247211455,-0.04755871407665442,0.019939342047926547,-0.2690144084902752,0.9999999999999998,0.0187439736106079,0.020301315942984777,0.20246006189181062,-0.08974461027207573,-0.17226618463798787,0.332925762573387,0.24292896784905443,0.3269287938246726,0.06137830344614594,0.08484297678340841
F108,0.05644292323147422,0.002850040744552448,-0.03262190673172704,-0.021625778920757607,-0.020788037969272477,-0.017614506588931152,-0.023850703604928546,-0.017796727851077356,-0.012815932419709644,-0.008307247362786726,-0.005581600711395202,-0.008865753818056358,-0.007340109026875533,-0.006282449492305169,-0.003063933412346799,-0.0013175998310601855,-0.14780265676672727,-0.05985699401024116,-0.012811141257777641,-0.005635622542801623,-0.02719970431558956,-0.0007332036880909642,-0.12951755324131692,-0.012211581220752258,0.006503742278135563,0.007602631663735062,-0.006253978223536173,-0.012211581220752258,0.006191744906112526,-0.006253978223536178,-0.0004961099458076756,-0.012276408279716036,-0.058484865914147366,-0.05497028906731731,-0.023718863209902425,-0.02191286318341199,-0.03678784593232077,0.01957142448423951,0.04927070237482009,0.0187439736106079,0.9999999999999999,0.06477505816266568,-0.0342819272859334,-0.05848486591414735,-0.05497028906731679,0.006162963724467391,-0.02699199027918375,0.007479423152505493,-0.04247840789068072,-0.048761751082189546
F109,0.4033253836499559,0.02978747571141287,0.1088422955495173,0.043733008088356076,0.08707885635418341,0.07721397202399909,0.06489006203477071,0.02151739633574473,0.03711271541019465,0.0865386020916828,0.10048707604822571,0.09804052429495648,0.09686784313451617,-0.02807121052308134,0.061351054187418576,0.04443726339305125,-0.10473796464650928,0.050975043540707726,-0.04874976956415837,0.0944017918492799,0.16013066040370183,0.148143870964846,-0.08273575657089627,0.01604704836033873,0.03284625337312476,0.04670615571556692,-0.07388791906477987,0.01604704836033873,0.18752663175409431,-0.07388791906477986,-0.11515184546510686,0.012258533211515476,0.056849669003211416,-0.05088378703198242,0.02071196031378939,0.00441089211918789,-0.042658884286309914,0.001344149739930583,0.11949219066965364,0.020301315942984777,0.06477505816266567,0.9999999999999999,0.28914633633123865,0.05684966900321125,-0.0508837870319826,0.187491444230903,0.13504081411023275,0.199387647705341,0.15842066287262402,0.1392352760345622
F110,0.12492501622888234,0.2817354658070558,0.30124948897923604,0.0005644184188075945,-0.009468459995260805,-0.0077446804775509175,-0.002906282240142258,0.003681225661443296,-0.07441168382667954,0.008207336636463053,0.0661016942718999,0.0689547500786878,0.04084503475247424,-0.12760610134942565,0.03449827212444149,0.1111042247269563,0.1131262551921906,0.348298756553526,0.09754343781849248,0.21365484141487234,0.05703374883366405,0.16264213143430079,0.12148540145123328,0.20627609907702527,0.29162405540570935,-0.02452353763948697,0.035990440055716444,0.20627609907702527,0.5765223252878946,0.03599044005571647,-0.10825193011120414,0.1904236509761646,0.20869927627858806,-0.07750237718021626,0.06785606403116286,0.04915937265463228,0.1859815081116515,0.026625658251686512,-0.178647471238776,0.2024600618918106,-0.034281927285933406,0.2891463363312386,1.0,0.20869927627858806,-0.07750237718021676,0.5764978192019325,0.5529086433050573,0.5840002151202665,0.4604701596888917,0.4865702245617756
F111,0.06029935676003303,0.03832718403972364,0.3288584436355836,0.16459832364384255,0.2505651861869253,0.23386348235955687,0.21810956261715764,0.1057828996112667,0.14481684609539397,0.5830197341858305,0.4697308227128469,0.5138106321989799,0.5426925331601518,0.26863867124449253,0.0465300888311357,0.19182834351615324,0.14287127695575821,0.8194594442253923,0.14796406496899614,0.7111003659947546,0.11440325544321737,0.6829935928330795,0.1013341172769169,0.13218528542602004,0.031556670740465455,-0.03345658354694065,0.11068290690035641,0.13218528542602004,0.05289279551929196,0.11068290690035643,-0.32174254058753443,0.13950417575912605,0.9999999999999978,0.20713034004544306,0.0015558427635512522,0.04528110718467762,0.28331390546591884,-0.09435041342411547,0.012614409774249168,-0.08974461027207573,-0.05848486591414736,0.056849669003211256,0.20869927627858806,1.0,0.2071303400454413,0.05287128378509909,0.2059543716371968,0.05735877169421334,0.21395375712116788,0.2038933455851481
F112,-0.14902369971029814,-0.13862911108468579,0.07611967528410658,0.2424215434742453,0.24230495883511746,0.24363596381209687,0.27707353778879357,0.19651844932768986,0.130677660707901,-0.049417592499961874,-0.09742372859593647,-0.055417252144082156,-0.07410931107839974,0.1044643508718414,-0.013769241522376081,0.10784231588844877,0.08738560860957145,0.11940822168980306,0.26056074210671365,-0.05900964862530819,0.540807506531865,-0.059373504998646194,0.05997829223305278,-0.052907627354022935,-0.15111951863343892,0.01677997544310501,-0.028164014691707966,-0.052907627354022935,-0.11918508713166849,-0.028164014691707945,0.011154028484796422,-0.0498424965823198,0.20713034004544129,1.0,-0.193272490276558,0.18433667871449624,0.2201713805105952,-0.28597559530015654,0.089512627014602,-0.17226618463798787,-0.05497028906731679,-0.0508837870319826,-0.07750237718021676,0.20713034004544134,1.0,-0.11920386928159457,-0.07879009652088839,-0.14184450848952307,0.12453279648418589,0.10223848393138892
F113,-0.07295274500472151,0.3759500518271711,0.0777191537634602,-0.047840500305876284,-0.06885913103365911,-0.04305806919399804,-0.05837784401707319,-0.03202068073404128,-0.10673639009289758,-0.06545510207116484,0.03177689395815009,0.03656306998135051,-0.013200112254124133,-0.21681564067743764,-0.005113172061178775,0.08811499420626259,0.019954713539827796,0.20793442271687262,0.07568971468619125,0.3020889661810326,0.018981206735671892,0.23810829337419084,0.03596049368712181,0.2711751358732579,0.3894380795702925,0.03351660536373403,-0.07392184526002853,0.2711751358732579,0.9999997727778757,-0.0739218452600285,-0.24268633089323868,0.24282366132498762,0.052871283785099525,-0.11920386928159656,0.11291284064531223,-0.03858968548443166,0.09438832840093274,0.1341917785645149,-0.19436202248499126,0.332925762573387,0.006162963724467392,0.187491444230903,0.5764978192019325,0.052871283785099095,-0.11920386928159457,1.0,0.7147560304630755,0.9917486142843962,0.32558948554436007,0.29798051160712036
F114,-0.0033674255991346276,0.3535600382751001,0.22333562705771698,-0.07137854143035036,-0.05700092797153037,-0.045681608636793436,-0.07413792611762468,-0.0624716357219805,-0.08952375502068949,-0.07706659508281878,0.03316923512800063,0.05434163616754797,-0.01658542403806763,-0.24590294782975283,0.00600111300520245,0.10223041837650852,0.09301084015412904,0.43574402629193154,0.0837379277702696,0.3373050195262118,0.02981135767661921,0.23672703317018934,0.07566243600435744,0.2530405388042389,0.3561594074298156,-0.010383240371452987,0.05024434636019377,0.2530405388042389,0.7147565933133573,0.05024434636019378,-0.1981720241112624,0.23070289205864808,0.20595437163719735,-0.07879009652088916,0.10362230746702868,-0.03344096912975269,0.13936558716185618,0.06736883448607052,-0.17153474826913057,0.24292896784905446,-0.026991990279183753,0.13504081411023275,0.5529086433050572,0.2059543716371968,-0.07879009652088839,0.7147560304630753,1.0,0.7275770480119506,0.4799762948408678,0.48685910734911186
F115,-0.05136691198323601,0.38598012830620226,0.09068128911343379,-0.050447431288532095,-0.06985038099754659,-0.04590850795314895,-0.06104774745584589,-0.03465273156667032,-0.10500909590659041,-0.06308997734951824,0.03419966864304577,0.039335638387322264,-0.010697078080302649,-0.2168682071479734,-0.003097650293421721,0.09553846987489731,0.014202386031029319,0.21537760776116935,0.08250038026872743,0.3088860380782716,0.013942760054721033,0.24297348549175854,0.0323988257682158,0.2748520624580482,0.39987667513383085,0.029806245092768434,-0.07059762080681126,0.2748520624580482,0.9917478789871614,-0.07059762080681124,-0.24347363383378834,0.24760012497933814,0.057358771694213724,-0.14184450848952465,0.11021789707306125,-0.03871607614320223,0.0977591215754471,0.13661100781342284,-0.18761856849837683,0.32692879382467255,0.007479423152505493,0.199387647705341,0.5840002151202665,0.05735877169421334,-0.14184450848952304,0.9917486142843963,0.7275770480119506,1.0,0.34395903393332056,0.3144443013486029
F116,0.09723807734336783,0.18625592196418855,0.2684361083166624,0.05645157494350326,0.10838470421158217,0.09385462697137247,0.08192401882908269,0.02906643851520724,-0.01919109151408211,0.026544537157956672,0.0682911472787595,0.08574369244452229,0.052045270412341894,-0.09136255149077156,0.054178129766407276,0.17298956429359583,0.04084055559877383,0.30302906915177463,0.11888197462173276,0.14331102303640397,0.18985186134174395,0.10873688408312016,0.030168124910301453,0.18404071421704243,0.18856251194028523,-0.12190377773206962,0.042164869124875944,0.18404071421704243,0.3255946555804496,0.04216486912487596,-0.08194368861986602,0.19955665111465673,0.21395375712116818,0.12453279648418662,-0.022992748181839842,0.01707048981805445,0.19420271397517364,-0.012228738943554395,0.00657805018076906,0.06137830344614594,-0.04247840789068071,0.15842066287262402,0.4604701596888917,0.2139537571211679,0.1245327964841859,0.3255894855443601,0.4799762948408678,0.34395903393332056,1.0,0.8063618672621047
category,0.048065506867918155,0.17926906500852946,0.23147691813579946,0.037865806081359366,0.08468941329395337,0.09073860433862824,0.0621764260476827,0.015644594723146794,-0.012298556811490101,0.032042934974400195,0.06815501202243056,0.08025183127015982,0.05414169098981327,-0.07874431798314227,0.06876866834363755,0.19273803425099284,0.0964213425497112,0.28855527544406484,0.12250931587180522,0.14481505708327908,0.16430114130330561,0.1015885293990124,0.070795286209114,0.20478668960022517,0.1824512488991148,-0.18151678794509724,0.038837230178401995,0.20478668960022517,0.2979927565763688,0.038837230178401974,-0.06971532500567874,0.2076801076130556,0.2038933455851481,0.10223848393138991,0.001206228988042571,0.019452187757455268,0.1819662001557671,-0.05230295078588088,-0.07929793350661044,0.08484297678340841,-0.048761751082189546,0.1392352760345622,0.4865702245617757,0.2038933455851481,0.10223848393138893,0.2979805116071203,0.48685910734911186,0.31444430134860285,0.8063618672621047,1.0
